Blinded ID,Cardiac Category,EM,NDD,CHR,POS,REF,ALT,Ensemble_GENEID,Gene,Variant Class,AA change,RadialSVM_score,RadialSVM_pred,ExAC_Overall,HHE Rank,pLI Score
1-00100,CTD,Yes,Unknown,7,121769559,C,T,ENSG00000008311,AASS,syn,p.E81E,.,.,8.28E-06,23.9,0.0
1-07342,CTD,Yes,Unknown,7,48237892,T,G,ENSG00000179869,ABCA13,syn,p.L74L,.,.,.,14.2,0.0
1-05296,other,No,Unknown,17,66925280,C,A,ENSG00000141338,ABCA8,syn,p.G345G,.,.,.,34.9,0.0
1-05962,LVO,No,No,9,133738377,C,T,ENSG00000097007,ABL1,syn,p.G278G,.,.,2.51E-05,93.1,1.0
1-03385,LVO,Yes,Yes,8,107773496,G,A,ENSG00000174429,ABRA,syn,p.H305H,.,.,.,62.6,0.0
1-00839,other,No,No,15,89402149,C,T,ENSG00000157766,ACAN,syn,p.F2111F,.,.,.,23.7,1.0
1-02585,other,No,No,11,44074603,T,G,ENSG00000205126,ACCSL,syn,p.L311L,.,.,.,15.6,0.0
1-04874,other (AVC),No,Unknown,22,41919903,C,T,ENSG00000100412,ACO2,syn,p.N480N,.,.,1.65E-05,98.8,0.45
1-07037,CTD,Yes,Unknown,14,69349590,G,A,ENSG00000072110,ACTN1,syn,p.H606H,.,.,.,94.3,1.0
1-02148,CTD,No,Yes,19,1506904,A,G,ENSG00000185761,ADAMTSL5,syn,p.P292P,.,.,.,45.3,0.0
1-04475,CTD,No,No,19,1510640,G,T,ENSG00000185761,ADAMTSL5,syn,p.L63L,.,.,.,45.3,0.0
1-05084,other,Yes,Yes,1,227169765,C,T,ENSG00000163050,ADCK3,syn,p.S256S,.,.,2.55E-05,52.5,0.0
1-00650,HTX,No,Yes,14,24791326,G,A,ENSG00000129467,ADCY4,syn,p.N844N,.,.,0.0002,68.5,0.0
1-05340,other (AVC),No,Yes,19,3061184,A,G,ENSG00000104964,AES,syn,p.F33F,.,.,.,98.9,0.65
1-00465,LVO,No,No,10,116060333,T,C,ENSG00000169129,AFAP1L2,syn,p.A606A,.,.,.,32.5,0.45
1-01401,LVO,No,Unknown,4,74365867,T,C,ENSG00000079557,AFM,syn,p.P523P,.,.,.,0.0,0.0
1-13913,CTD,Yes,Unknown,4,74315151,G,A,ENSG00000081051,AFP,syn,p.Q386Q,.,.,.,29.6,0.0
1-02046,CTD (TGA),No,No,8,6605267,T,C,ENSG00000155189,AGPAT5,syn,p.Y221Y,.,.,.,70.7,0.01
1-04117,CTD (TGA),No,Yes,11,62287479,G,A,ENSG00000124942,AHNAK,syn,p.L4804L,.,.,.,95.7,0.34
1-04422,HTX,Yes,Unknown,7,17382640,G,A,ENSG00000106546,AHR,syn,p.P833P,.,.,4.12E-05,40.3,1.0
1-00934,LVO,No,Unknown,7,17378739,G,A,ENSG00000106546,AHR,syn,p.R430R,.,.,.,40.3,1.0
1-04832,LVO,Yes,Yes,1,77752658,C,T,ENSG00000154027,AK5,syn,p.P31P,.,.,.,29.4,0.14
1-02828,other,Yes,Yes,14,33004870,C,T,ENSG00000151320,AKAP6,syn,p.H145H,.,.,5.77E-05,81.5,1.0
1-01505,LVO,No,No,19,15484809,G,A,ENSG00000105127,AKAP8,syn,p.Y53Y,.,.,4.18E-05,93.4,0.98
1-05517,other,No,No,7,134136347,G,A,ENSG00000085662,AKR1B1,syn,p.I75I,.,.,3.30E-05,71.4,0.0
1-07087,LVO,No,Unknown,1,19632575,G,A,ENSG00000053371,AKR7A2,syn,p.G285G,.,.,4.12E-05,57.7,0.0
1-05084,other,Yes,Yes,10,97376354,G,A,ENSG00000059573,ALDH18A1,syn,p.I495I,.,.,8.70E-05,84.2,0.86
1-09386,LVO,Yes,No,X,110925500,A,G,ENSG00000101901,ALG13,syn,p.A74A,.,.,.,,
1-05154,CTD,Yes,No,1,63876940,C,T,ENSG00000088035,ALG6,syn,p.H206H,.,.,0.0002,38.7,0.06
1-05775,other (AVC),No,No,18,56205331,C,A,ENSG00000198796,ALPK2,syn,p.G696G,.,.,0.0002,93.8,0.0
1-04693,CTD,No,Unknown,14,77257663,C,T,ENSG00000013523,ANGEL1,syn,p.S555S,.,.,.,51.5,0.0
1-07281,other,No,No,4,114275600,C,T,ENSG00000145362,ANK2,syn,p.S1942S,.,.,4.95E-05,72.8,1.0
1-04768,LVO,No,No,10,61955966,G,A,ENSG00000151150,ANK3,syn,p.Y602Y,.,.,.,95.0,1.0
1-06443,LVO,Yes,Unknown,5,14751265,G,A,ENSG00000154122,ANKH,syn,p.G200G,.,.,4.94E-05,72.6,0.17
1-03659,CTD,No,Yes,16,89341276,G,A,ENSG00000167522,ANKRD11,syn,p.S2553S,.,.,.,97.2,1.0
1-07646,CTD,Yes,Unknown,16,89341354,G,A,ENSG00000167522,ANKRD11,syn,p.I2527I,.,.,0.000008281,97.2,1.0
1-04535,other (AVC),No,Unknown,4,74005771,T,C,ENSG00000132466,ANKRD17,syn,p.T854T,.,.,.,93.4,1.0
1-04454,HTX,No,Unknown,9,38578020,A,G,ENSG00000180071,ANKRD18A,syn,p.L791L,.,.,.,,
1-05296,other,No,Unknown,3,15720828,G,A,ENSG00000206560,ANKRD28,syn,p.N817N,.,.,4.97E-05,56.9,1.0
1-02134-03,CTD,Unknown,Unknown,17,48776869,G,A,ENSG00000154945,ANKRD40,syn,p.V223V,.,.,0.00005766,88.5,0.31
1-13931,LVO,No,Yes,6,34985290,G,A,ENSG00000064999,ANKS1A,syn,p.A488A,.,.,5.12E-05,68.2,0.85
1-00425,LVO,No,Unknown,7,36445998,C,T,ENSG00000011426,ANLN,syn,p.T232T,.,.,4.13E-05,90.9,0.92
1-05030,CTD,Yes,No,2,242144287,C,T,ENSG00000146205,ANO7,syn,p.Y353Y,.,.,8.47E-06,17.5,0.0
1-02054,CTD,No,No,19,50309399,C,T,ENSG00000196961,AP2A1,syn,p.L915L,.,.,.,88.2,1.0
1-10188,CTD,No,Unknown,15,83333600,C,T,ENSG00000103723,AP3B2,syn,p.E708E,.,.,.,49.1,0.99
GT04014641,LVO,No,No,15,83333169,G,A,ENSG00000103723,AP3B2,syn,p.S737S,.,.,1.66E-05,49.1,0.99
1-04966,LVO,No,No,11,129939930,C,T,ENSG00000084234,APLP2,syn,p.L20L,.,.,.,98.5,0.52
1-01104,other,Yes,Unknown,1,156562001,G,A,ENSG00000163382,APOA1BP,syn,p.K97K,.,.,.,82.9,0.0
GT04007861,other (AVC),Yes,Yes,22,39477084,G,A,ENSG00000239713,APOBEC3G,syn,p.T106T,.,.,0.0003,,
1-00441,LVO,No,No,2,241631703,C,T,ENSG00000184945,AQP12A,syn,p.A112A,.,.,4.60E-05,0.0,0.05
1-07081,CTD,Yes,No,20,47570323,G,A,ENSG00000124198,ARFGEF2,syn,p.L278L,.,.,.,72.2,1.0
1-03982,HTX,Yes,Yes,11,128844608,A,G,ENSG00000134909,ARHGAP32,syn,p.S814S,.,.,.,64.4,0.99
1-01816,LVO,No,Unknown,17,79827068,C,T,ENSG00000141522,ARHGDIA,syn,p.T132T,.,.,2.48E-05,98.1,0.73
1-09539,other,Yes,No,12,15100870,G,C,ENSG00000111348,ARHGDIB,syn,p.A93A,-0.917,T,.,71.0,0.0
1-07009,LVO,Yes,Yes,1,156906672,G,A,ENSG00000132694,ARHGEF11,syn,p.P1522P,.,.,0.0003,71.3,1.0
1-01157,CTD,No,No,6,157454310,C,T,ENSG00000049618,ARID1B,syn,p.Y840Y,.,.,8.45E-06,83.2,1.0
1-04712,CTD,No,No,6,157405903,G,T,ENSG00000049618,ARID1B,syn,p.P715P,.,.,.,83.2,1.0
1-05695,CTD,Yes,No,19,964324,G,A,ENSG00000116017,ARID3A,syn,p.E281E,.,.,.,52.7,0.43
1-03316,LVO,Yes,Unknown,X,101857585,C,G,ENSG00000125962,ARMCX5,syn,p.S172S,.,.,.,54.3,0.55
1-00797,LVO,Yes,No,2,219114576,G,A,ENSG00000163466,ARPC2,syn,p.T270T,.,.,1.75E-05,94.1,0.99
1-00538,CTD (TGA),No,Unknown,22,30200765,C,T,ENSG00000100325,ASCC2,syn,p.G405G,.,.,.,76.7,0.18
1-04324,HTX,No,Yes,11,8959409,C,T,ENSG00000176009,ASCL3,syn,p.E100E,.,.,.,0.0,0.01
1-00249,LVO,No,No,16,29917116,C,G,ENSG00000174939,ASPHD1,syn,p.P357P,.,.,.,19.7,0.12
GT04014301,LVO,No,No,18,31326334,C,T,ENSG00000141431,ASXL3,syn,p.S2174S,.,.,.,38.4,1.0
1-07319,LVO,No,No,1,1469335,C,T,ENSG00000197785,ATAD3A,syn,p.V596V,-0.933,T,.,81.8,0.04
1-00448,CTD,No,Unknown,19,3907760,C,T,ENSG00000167654,ATCAY,syn,p.N129N,.,.,8.33E-06,73.7,0.09
1-06635,LVO,Yes,No,3,112277256,C,T,ENSG00000144848,ATG3,syn,p.K27K,.,.,.,59.8,0.98
1-07450,CTD,Yes,Unknown,16,28911985,C,T,ENSG00000196296,ATP2A1,syn,p.D616D,.,.,1.70E-05,39.3,0.0
1-05898,CTD (TGA),No,Unknown,16,84442038,C,T,ENSG00000064270,ATP2C2,syn,p.L119L,.,.,.,26.8,
1-03159,other,Yes,No,1,154318018,C,T,ENSG00000143515,ATP8B2,syn,p.A930A,.,.,.,78.6,1.0
1-02588,LVO,No,Unknown,17,79164582,G,A,ENSG00000141577,AZI1,syn,p.S988S,.,.,4.47E-05,58.1,0.0
1-09938,other (AVC),Yes,Unknown,1,161143786,C,T,ENSG00000158850,B4GALT3,syn,p.E181E,.,.,.,66.6,0.02
1-02917,CTD,Yes,No,1,32204223,C,T,ENSG00000121753,BAI2,syn,p.T870T,.,.,6.59E-05,65.6,1.0
1-03479,CTD,No,No,16,1393458,C,T,ENSG00000007516,BAIAP3,syn,p.L479L,.,.,.,33.0,0.0
1-06314,HTX,No,No,X,129147696,C,A,ENSG00000085185,BCORL1,syn,p.L316L,.,.,.,67.3,0.98
1-10071,CTD,Yes,No,3,5025311,C,G,ENSG00000134107,BHLHE40,syn,p.V391V,.,.,.,71.3,0.94
1-06321,CTD,Yes,No,17,28613877,A,G,ENSG00000108578,BLMH,syn,p.Y169Y,.,.,.,87.0,0.01
1-05491,LVO,No,No,4,13602932,G,A,ENSG00000038219,BOD1L1,syn,p.D1864D,.,.,8.24E-06,89.3,1.0
1-07381,other (AVC),No,Unknown,9,121971095,C,G,ENSG00000078725,BRINP1,syn,p.T349T,.,.,.,31.4,1.0
1-05800,CTD,Yes,No,11,1477832,C,T,ENSG00000174672,BRSK2,syn,p.P618P,.,.,1.06E-05,23.1,0.78
1-04653,other (AVC),No,Yes,17,56400701,C,T,ENSG00000005379,BZRAP1,syn,p.L354L,.,.,.,21.6,0.06
1-02621,HTX,Yes,Unknown,10,45473359,G,A,ENSG00000165507,C10orf10,syn,p.Y40Y,.,.,3.40E-05,46.1,0.0
1-00276,CTD,Yes,No,12,4639214,G,A,ENSG00000047621,C12orf4,syn,p.T109T,.,.,.,43.6,0.0
1-05002,CTD,No,Yes,15,40631737,G,A,ENSG00000188549,C15orf52,syn,p.T113T,.,.,8.31E-06,42.7,0.0
1-03853,other,Yes,No,17,34183804,C,A,ENSG00000172653,C17orf66,syn,p.V386V,.,.,.,0.0,
1-02873,CTD (TGA),No,Unknown,17,79512817,C,T,ENSG00000185504,C17orf70,syn,p.Q755Q,.,.,.,65.9,0.09
GT04014933,LVO,No,Yes,19,51301649,G,A,ENSG00000167747,C19orf48,syn,p.L19L,.,.,.,,
1-04934,other,Yes,Yes,7,7274103,A,C,ENSG00000106392,C1GALT1,syn,p.S51S,.,.,.,42.8,0.68
1-06399,LVO,No,Unknown,1,1900182,C,T,ENSG00000142609,C1orf222,syn,p.Q379Q,.,.,.,25.2,
1-00766,CTD,Yes,Unknown,20,2796391,C,G,ENSG00000258713,C20orf141,syn,p.G156G,.,.,.,21.2,0.0
1-05800,CTD,Yes,No,21,33975513,C,G,ENSG00000159079,C21orf59,syn,p.V208V,-0.714,T,.,67.7,0.0
1-09226,HTX,Yes,Unknown,19,6694614,G,A,ENSG00000125730,C3,syn,p.A994A,.,.,.,33.2,1.0
GT04009003,LVO,Yes,Yes,19,6712594,G,A,ENSG00000125730,C3,syn,p.I348I,.,.,2.47E-05,33.2,1.0
1-07231,other,Yes,No,9,97522314,C,T,ENSG00000148120,C9orf3,syn,p.P83P,.,.,2.47E-05,53.6,0.0
1-03279,HTX,No,Unknown,16,66885435,C,T,ENSG00000168748,CA7,syn,p.L143L,.,.,.,27.1,0.78
1-00465,LVO,No,No,12,67691235,A,G,ENSG00000111530,CAND1,syn,p.L180L,.,.,4.95E-05,91.4,1.0
1-01408,CTD,No,No,1,230903389,C,G,ENSG00000135773,CAPN9,syn,p.P213P,.,.,.,24.4,0.0
1-04926,other,Yes,Unknown,1,230931018,T,C,ENSG00000135773,CAPN9,syn,p.N660N,.,.,0.0001,24.4,0.0
1-04378,CTD,Yes,No,13,111319718,G,A,ENSG00000134905,CARS2,syn,p.C296C,.,.,8.24E-06,53.3,0.04
1-03374,other,Yes,Unknown,17,38324595,T,C,ENSG00000108349,CASC3,syn,p.F630F,.,.,.,83.5,0.91
1-04530,other,No,No,2,202149705,C,T,ENSG00000064012,CASP8,syn,p.I323I,.,.,.,51.2,0.0
1-02837,LVO,No,Unknown,1,10709384,C,T,ENSG00000130940,CASZ1,syn,p.L997L,.,.,.,94.1,1.0
1-05836,LVO,No,Unknown,1,10720219,G,A,ENSG00000130940,CASZ1,syn,p.L294L,.,.,.,94.1,1.0
1-12199,other,Yes,Unknown,1,10710785,C,T,ENSG00000130940,CASZ1,syn,p.P948P,.,.,0.0001,94.1,1.0
1-00893,other,No,No,11,119170443,C,T,ENSG00000110395,CBL,syn,p.I891I,.,.,.,33.9,0.01
1-04955,LVO,No,Unknown,2,219870810,G,T,ENSG00000181378,CCDC108,syn,p.R1619R,.,.,.,16.3,0.0
1-02509,CTD,No,Unknown,7,92932838,A,G,ENSG00000004766,CCDC132,syn,p.S446S,-1,T,.,54.2,0.99
1-04252,CTD,No,No,9,15971636,C,T,ENSG00000164989,CCDC171,syn,p.S1261S,.,.,.,32.4,
1-05136,CTD,No,No,8,27606054,A,C,ENSG00000147419,CCDC25,syn,p.A102A,.,.,.,65.6,0.05
1-01273,other,No,No,6,139097233,G,A,ENSG00000024862,CCDC28A,syn,p.P82P,.,.,0.0002,38.9,0.0
1-03013,CTD (TGA),No,No,3,180361929,A,G,ENSG00000145075,CCDC39,syn,p.D548D,.,.,.,42.7,0.0
1-05147,CTD (TGA),Yes,Unknown,2,118771536,G,C,ENSG00000125633,CCDC93,syn,p.L12L,.,.,1.58E-05,58.1,0.06
1-06011,CTD,No,Unknown,15,59399631,A,G,ENSG00000157456,CCNB2,syn,p.R45R,.,.,.,87.7,0.0
1-02786,other,No,No,3,156877827,G,A,ENSG00000163660,CCNL1,syn,p.A19A,.,.,.,76.0,0.94
1-04258,LVO,No,No,6,44361282,G,A,ENSG00000096401,CDC5L,syn,p.A137A,.,.,8.25E-06,77.6,1.0
1-01298,other,No,No,5,19473719,G,T,ENSG00000145526,CDH18,syn,p.G663G,.,.,.,12.8,0.46
1-09495,LVO,Yes,No,5,175992365,A,G,ENSG00000074276,CDHR2,syn,p.L4L,.,.,.,9.5,0.0
1-02789,CTD,No,Unknown,7,150752876,G,A,ENSG00000164885,CDK5,syn,p.H124H,.,.,.,64.9,0.95
1-00718,other,No,Yes,6,36653565,G,A,ENSG00000124762,CDKN1A,syn,p.K161K,.,.,.,57.9,0.03
1-04478,other,No,No,X,139865905,G,A,ENSG00000184258,CDR1,syn,p.S209S,.,.,0.0001,0.0,0.06
1-06184,LVO,No,No,19,45207355,C,A,ENSG00000213892,CEACAM16,syn,p.R150R,.,.,.,17.6,0.03
1-11241,CTD,Yes,Yes,2,37458594,C,T,ENSG00000115816,CEBPZ,syn,p.G39G,.,.,.,80.7,0.0
1-06149,CTD,No,Unknown,1,109793643,G,A,ENSG00000143126,CELSR2,syn,p.T314T,.,.,1.65E-05,59.0,1.0
1-01829,CTD,No,Unknown,3,48684297,C,T,ENSG00000008300,CELSR3,syn,p.P2398P,.,.,0.0001,23.7,1.0
1-02041,LVO,No,No,1,26603067,A,G,ENSG00000130695,CEP85,syn,p.T648T,-0.933,T,.,65.4,0.01
1-00977,CTD,No,Unknown,16,67037185,C,T,ENSG00000172824,CES4A,syn,p.N274N,.,.,.,9.5,0.0
GT04006992,LVO,No,Yes,8,23114008,C,G,ENSG00000147457,CHMP7,syn,p.V231V,.,.,8.24E-06,85.9,0.98
1-00070,CTD (TGA),Yes,Unknown,18,24496529,A,G,ENSG00000154080,CHST9,syn,p.R342R,.,.,.,0.0,0.0
1-03394,CTD,No,No,12,120138605,G,A,ENSG00000122966,CIT,syn,p.Y1856Y,-0.643,T,4.95E-05,66.0,1.0
1-00561,LVO,Yes,Unknown,13,53042436,G,A,ENSG00000136108,CKAP2,syn,p.T500T,.,.,1.77E-05,82.7,0.0
1-05476,CTD,No,Unknown,3,98237766,G,A,ENSG00000080822,CLDND1,syn,p.P122P,.,.,1.67E-05,82.8,0.59
1-01360,LVO,No,Yes,11,72005096,C,T,ENSG00000162129,CLPB,syn,p.V570V,.,.,.,70.2,0.0
1-05564,other,Yes,No,8,27462595,G,A,ENSG00000120885,CLU,syn,p.I225I,-0.997,T,.,90.5,0.45
1-03967,HTX,No,Yes,8,62212422,G,A,ENSG00000177182,CLVS1,syn,p.K12K,.,.,.,51.4,0.85
1-06950,other,No,Unknown,2,7003665,G,A,ENSG00000134326,CMPK2,syn,p.V240V,.,.,8.28E-06,30.5,0.0
1-01365,CTD,Yes,No,20,34582995,G,T,ENSG00000149646,CNBD2,syn,p.G297G,.,.,.,78.4,0.0
1-02985,CTD (TGA),No,Yes,18,72228189,C,T,ENSG00000150656,CNDP1,syn,p.D134D,.,.,6.60E-05,11.7,0.0
1-01466,other,No,No,16,57946887,G,A,ENSG00000070729,CNGB1,syn,p.F772F,.,.,.,24.0,0.0
1-04643,LVO,No,Yes,6,154762507,C,T,ENSG00000153721,CNKSR3,syn,p.P142P,.,.,6.59E-05,48.4,0.21
1-03479,CTD,No,No,2,220039545,G,A,ENSG00000115649,CNPPD1,syn,p.A155A,.,.,8.34E-05,76.7,0.0
1-03293,CTD,Yes,No,3,1445042,C,A,ENSG00000134115,CNTN6,syn,p.T1009T,.,.,.,24.7,0.0
1-05309,CTD,No,Unknown,7,94038669,T,C,ENSG00000164692,COL1A2,syn,p.A276A,.,.,.,98.7,1.0
1-04741,HTX,Yes,No,20,61947987,C,T,ENSG00000101203,COL20A1,syn,p.F869F,.,.,.,36.9,0.0
1-06804,CTD,No,Unknown,13,111125415,C,T,ENSG00000134871,COL4A2,syn,p.P781P,.,.,6.52E-05,99.3,0.0
1-03037,other,No,No,2,3691381,C,T,ENSG00000118004,COLEC11,syn,p.Y160Y,.,.,.,36.7,0.07
1-03898,CTD (TGA),No,Unknown,7,130301891,C,T,ENSG00000158623,COPG2,syn,p.P123P,.,.,4.17E-05,92.7,0.06
1-06854,CTD,Yes,Unknown,15,49431806,G,C,ENSG00000166200,COPS2,syn,p.T97T,.,.,.,89.7,1.0
1-04107,CTD,Yes,Unknown,16,89655139,C,T,ENSG00000178773,CPNE7,syn,p.H403H,.,.,.,20.6,0.0
1-04231,CTD,Yes,Unknown,1,53675772,A,G,ENSG00000157184,CPT2,syn,p.K142K,.,.,.,75.5,0.0
1-02765,CTD,Yes,No,1,110456922,G,A,ENSG00000184371,CSF1,syn,p.A27A,.,.,.,61.3,0.94
1-02121,CTD,Yes,Unknown,22,37333467,A,C,ENSG00000100368,CSF2RB,syn,p.I539I,.,.,.,31.5,0.0
GT04009242,LVO,Unknown,No,12,111472036,C,A,ENSG00000111249,CUX2,syn,p.R19R,.,.,.,53.4,1.0
1-02680,CTD,No,No,8,145676022,G,A,ENSG00000187954,CYHR1,syn,p.L277L,.,.,.,80.4,0.05
1-04727,OTHER,No,No,2,72359686,C,T,ENSG00000003137,CYP26B1,syn,p.A403A,.,.,1.78E-05,40.8,0.95
1-05965,other,No,No,2,72359665,G,A,ENSG00000003137,CYP26B1,syn,p.N410N,.,.,8.49E-06,40.8,0.95
1-05412,other (AVC),No,Unknown,19,41351241,T,C,ENSG00000255974,CYP2A6,syn,p.R373R,.,.,1.65E-05,0.0,0.0
1-12340,HTX,Yes,No,8,65536985,A,G,ENSG00000172817,CYP7B1,syn,p.G78G,.,.,.,33.9,0.0
1-04483,other (AVC),No,No,3,137885941,G,A,ENSG00000138231,DBR1,syn,p.A232A,.,.,2.47E-05,48.4,0.0
1-05709,other,No,No,4,155156437,G,A,ENSG00000197410,DCHS2,syn,p.L2668L,.,.,.,,
1-01174,CTD (TGA),No,No,10,14977464,G,A,ENSG00000152457,DCLRE1C,syn,p.G34G,.,.,.,38.5,0.0
1-04646,other,No,No,1,155020384,C,T,ENSG00000163357,DCST1,syn,p.I578I,.,.,8.25E-06,19.6,0.0
1-06895,other,No,No,X,110653600,G,A,ENSG00000077279,DCX,syn,p.D9D,-0.988,T,.,27.2,0.86
1-01153,other,Yes,Unknown,22,38894451,C,T,ENSG00000100201,DDX17,syn,p.T222T,.,.,8.24E-06,99.0,
1-04817,other,No,Unknown,17,62499933,G,A,ENSG00000108654,DDX5,syn,p.G165G,.,.,4.14E-05,99.0,1.0
1-04161,other (AVC),Yes,Yes,4,169194523,A,G,ENSG00000137628,DDX60,syn,p.T827T,.,.,.,34.1,0.0
1-01157,CTD,No,No,4,169341481,C,T,ENSG00000181381,DDX60L,syn,p.T815T,.,.,8.53E-06,,
1-03151,LVO,No,No,1,115166210,C,T,ENSG00000175984,DENND2C,syn,p.T287T,.,.,1.66E-05,41.5,0.0
GT04011752,LVO,No,No,8,142188198,C,T,ENSG00000105339,DENND3,syn,p.N833N,-0.955,T,8.26E-06,37.7,0.02
1-04180,other,No,Yes,2,234363466,G,A,ENSG00000077044,DGKD,syn,p.A774A,.,.,2.47E-05,75.3,0.98
1-00405,other,Yes,No,17,5353610,C,T,ENSG00000005100,DHX33,syn,p.G547G,.,.,.,67.1,0.01
1-05491,LVO,No,No,17,41594639,C,T,ENSG00000067596,DHX8,syn,p.N916N,.,.,4.13E-05,72.0,0.93
1-04706,OTHER,No,No,21,47910571,C,T,ENSG00000160305,DIP2A,syn,p.A74A,.,.,.,73.6,0.73
1-02566,LVO,Yes,Unknown,10,332276,C,A,ENSG00000151240,DIP2C,syn,p.G1352G,.,.,.,71.1,1.0
1-01441,LVO,Yes,Unknown,1,232144702,C,T,ENSG00000162946,DISC1,syn,p.S770S,-1.003,T,9.15E-05,32.6,0.02
1-07322,CTD,No,No,8,13357164,A,G,ENSG00000164741,DLC1,syn,p.H139H,.,.,.,92.9,0.99
1-04881,LVO,No,Unknown,5,118529552,C,T,ENSG00000172869,DMXL1,syn,p.A2448A,.,.,1.65E-05,63.0,1.0
1-00392,HTX,No,Yes,17,76528711,C,T,ENSG00000187775,DNAH17,syn,p.R989R,.,.,0.0007,38.0,
1-02736,LVO,Yes,Unknown,5,13759006,C,T,ENSG00000039139,DNAH5,syn,p.A3456A,.,.,2.47E-05,0.0,0.0
1-00841,LVO,Yes,Unknown,17,11520834,C,T,ENSG00000007174,DNAH9,syn,p.P337P,.,.,.,18.4,0.0
1-06739,CTD,Yes,No,21,34861365,G,A,ENSG00000177692,DNAJC28,syn,p.A112A,.,.,.,41.8,0.0
1-02042,CTD,No,Unknown,19,11343930,G,A,ENSG00000130158,DOCK6,syn,p.A889A,.,.,8.38E-06,93.8,0.0
1-04097,other,Yes,Unknown,19,38704386,C,T,ENSG00000011332,DPF1,syn,p.S286S,-0.96,T,0.00005877,33.7,0.99
1-03427,CTD (TGA),No,No,15,35834660,C,G,ENSG00000134146,DPH6,syn,p.G24G,.,.,.,49.0,0.0
1-04074,CTD (TGA),No,Unknown,19,4704266,C,T,ENSG00000142002,DPP9,syn,p.E159E,.,.,.,70.7,1.0
1-01019,HTX,Yes,Unknown,11,102985928,G,A,ENSG00000187240,DYNC2H1,syn,p.E175E,.,.,.,44.4,0.0
1-00101,HTX,No,Yes,20,18374917,G,A,ENSG00000089091,DZANK1,syn,p.C563C,-0.944,T,3.59E-05,33.2,0.0
1-07679,CTD,No,Yes,10,11805426,G,A,ENSG00000134463,ECHDC3,syn,p.T265T,.,.,.,42.8,0.0
1-03227,LVO,Yes,No,17,45490245,G,A,ENSG00000178852,EFCAB13,syn,p.E795E,.,.,.,,
1-04930,LVO,No,Unknown,2,63217882,G,A,ENSG00000115504,EHBP1,syn,p.L951L,-0.886,T,.,89.0,1.0
1-02625,LVO,No,Yes,7,6082581,G,A,ENSG00000086232,EIF2AK1,syn,p.S258S,.,.,2.49E-05,68.1,0.0
1-11313,CTD,Yes,No,17,78111193,C,T,ENSG00000141543,EIF4A3,syn,p.S325S,.,.,2.50E-05,89.2,1.0
1-04574,CTD,No,Unknown,2,233431910,C,T,ENSG00000135930,EIF4E2,syn,p.H217H,.,.,.,93.4,0.92
1-06925,LVO,No,Unknown,3,184040688,C,T,ENSG00000114867,EIF4G1,syn,p.A632A,.,.,.,99.1,1.0
1-05582,LVO,Yes,Unknown,1,79383634,A,G,ENSG00000162618,ELTD1,syn,p.G521G,.,.,.,46.6,0.0
1-07172,CTD,No,No,3,27759041,C,T,ENSG00000163508,EOMES,syn,p.G527G,.,.,.,11.1,0.71
1-05536,CTD,Yes,Yes,2,46587877,C,T,ENSG00000116016,EPAS1,syn,p.L185L,.,.,0.00001661,86.2,1.0
1-01042,HTX,No,No,5,111506677,A,G,ENSG00000129595,EPB41L4A,syn,p.D545D,.,.,.,61.0,0.0
GT04010453,CTD,No,No,12,91365709,C,T,ENSG00000083782,EPYC,syn,p.L190L,.,.,.,16.1,0.0
1-00587,LVO,No,Unknown,9,27291051,T,C,ENSG00000120160,EQTN,syn,p.P129P,.,.,.,16.3,0.0
1-13283,LVO,Yes,No,17,37883130,C,T,ENSG00000141736,ERBB2,syn,p.D996D,.,.,6.63E-05,93.6,1.0
1-03141,LVO,No,Yes,12,56489582,C,A,ENSG00000065361,ERBB3,syn,p.R683R,.,.,.,40.4,0.0
1-05420,CTD (TGA),Yes,Unknown,2,212543833,C,T,ENSG00000178568,ERBB4,syn,p.S522S,-0.811,T,3.34E-05,41.7,1.0
1-00556,Other (AVC),No,Unknown,12,53663440,C,T,ENSG00000135476,ESPL1,syn,p.S238S,.,.,.,74.8,1.0
1-03325,LVO,No,No,4,159603495,G,A,ENSG00000171503,ETFDH,syn,p.Q108Q,.,.,.,90.6,0.0
1-13676,other (AVC),No,No,21,40193616,C,T,ENSG00000157557,ETS2,syn,p.A534A,.,.,6.59E-05,91.9,0.99
1-03856,LVO,No,Yes,1,157062768,A,G,ENSG00000253831,ETV3L,syn,p.P253P,.,.,.,,
GT04011952,LVO,No,No,4,5785296,C,T,ENSG00000072840,EVC,syn,p.T527T,.,.,0.000008249,41.3,0.0
1-03112,OTHER,No,No,17,74003247,C,T,ENSG00000167880,EVPL,syn,p.A2013A,.,.,9.22E-06,35.2,0.0
1-01031,other,No,No,6,564037,C,T,ENSG00000112685,EXOC2,syn,p.A595A,.,.,2.49E-05,66.6,0.0
GT04008362,LVO,No,No,7,133689839,C,T,ENSG00000131558,EXOC4,syn,p.F841F,.,.,3.32E-05,83.4,0.0
1-02777,other,No,No,1,231471428,C,G,ENSG00000116903,EXOC8,syn,p.V688V,.,.,.,58.7,0.99
1-09890,LVO,No,Yes,11,108381407,A,G,ENSG00000110723,EXPH5,syn,p.D1602D,.,.,.,24.4,0.0
1-01384,CTD,Yes,Yes,16,74760124,T,C,ENSG00000103089,FA2H,syn,p.T204T,.,.,.,14.9,0.73
1-06432,other,No,Yes,22,42473351,G,T,ENSG00000177096,FAM109B,syn,p.A18A,.,.,.,49.2,0.0
1-00534,CTD,Yes,Yes,11,58919798,A,G,ENSG00000166801,FAM111A,syn,p.E219E,.,.,.,82.3,0.0
1-04422,HTX,Yes,Unknown,4,84397822,T,C,ENSG00000163322,FAM175A,syn,p.K63K,.,.,.,61.2,0.31
1-06276,CTD (TGA),No,No,3,58625897,C,T,ENSG00000198643,FAM3D,syn,p.T110T,.,.,.,0.0,0.0
1-07261,LVO,Yes,No,11,22647081,C,A,ENSG00000183161,FANCF,syn,p.L92L,-0.362,T,.,36.7,0.0
1-07007,LVO,No,Unknown,4,187629428,G,A,ENSG00000083857,FAT1,syn,p.A518A,.,.,2.48E-05,93.9,0.0
1-00917,other,Yes,No,15,48779519,G,A,ENSG00000166147,FBN1,syn,p.S1151S,.,.,4.12E-05,93.1,1.0
1-06225,CTD (TGA),No,Unknown,19,40412187,G,A,ENSG00000090920,FCGBP,syn,p.Y1147Y,.,.,0.0004,21.3,
1-07087,LVO,No,Unknown,19,17895728,C,T,ENSG00000130475,FCHO1,syn,p.A807A,.,.,.,29.7,1.0
1-04870,CTD,Yes,No,5,141030924,C,T,ENSG00000197948,FCHSD1,syn,p.P4P,.,.,.,40.7,0.0
1-02504,CTD,No,No,1,27699991,G,T,ENSG00000142748,FCN3,syn,p.R85R,.,.,8.30E-06,22.6,0.02
1-02940,LVO,No,Yes,19,4793120,C,T,ENSG00000141965,FEM1A,syn,p.D418D,.,.,8.34E-06,86.3,
1-02990,LVO,No,No,15,68570989,C,T,ENSG00000169018,FEM1B,syn,p.T78T,.,.,0.0006,83.3,0.54
1-08053,CTD,Yes,Yes,12,4553389,A,G,ENSG00000111241,FGF6,syn,p.I120I,.,.,.,19.0,0.0
1-09044,CTD,Yes,No,10,103531274,T,G,ENSG00000107831,FGF8,syn,p.G119G,.,.,.,20.1,0.93
1-07221,other,No,Unknown,2,24285993,G,A,ENSG00000119782,FKBP1B,syn,p.T86T,.,.,0.0002,39.9,0.01
1-00802,LVO,No,No,19,18650451,G,A,ENSG00000105701,FKBP8,syn,p.T124T,.,.,8.32E-06,97.2,0.98
1-00528,other,No,Yes,7,33020112,T,C,ENSG00000122642,FKBP9,syn,p.F333F,.,.,3.30E-05,93.4,0.07
1-05205,other (AVC),No,No,13,28622453,T,C,ENSG00000122025,FLT3,syn,p.K388K,.,.,.,11.1,0.61
1-06370,CTD,Yes,Unknown,15,33261340,G,A,ENSG00000248905,FMN1,syn,p.L854L,.,.,.,37.5,0.0
1-06804,CTD,No,Unknown,17,80708382,C,T,ENSG00000167363,FN3K,syn,p.D227D,.,.,.,49.5,0.0
1-07072,LVO,No,Yes,13,49772666,C,A,ENSG00000102531,FNDC3A,syn,p.T981T,.,.,.,68.4,1.0
1-07105,other,No,No,3,172003756,G,A,ENSG00000075420,FNDC3B,syn,p.S277S,.,.,4.13E-05,88.9,1.0
1-02708,LVO,No,No,12,2968698,A,G,ENSG00000111206,FOXM1,syn,p.P504P,-0.96,T,.,81.4,0.8
1-06006,HTX,No,No,13,32826041,T,C,ENSG00000073910,FRY,syn,p.H2399H,.,.,.,89.4,1.0
1-01385,LVO,No,No,6,96651187,C,T,ENSG00000172461,FUT9,syn,p.N52N,.,.,2.48E-05,15.6,0.08
1-06806,CTD (TGA),Yes,Unknown,2,31147114,G,A,ENSG00000158089,GALNT14,syn,p.S397S,.,.,.,20.6,0.0
1-06566,CTD,Yes,Unknown,10,104128532,C,T,ENSG00000107862,GBF1,syn,p.S971S,.,.,4.12E-05,86.7,0.0
1-02767,LVO,No,No,17,650316,G,A,ENSG00000179409,GEMIN4,syn,p.L323L,.,.,.,84.5,0.0
1-00277,other,No,No,17,4461922,C,T,ENSG00000167741,GGT6,syn,p.V296V,.,.,.,0.0,0.0
1-06856,CTD,No,No,7,150324990,G,A,ENSG00000133561,GIMAP6,syn,p.S232S,.,.,8.24E-06,52.0,0.1
1-04805,CTD (TGA),No,No,17,27903898,G,T,ENSG00000108262,GIT1,syn,p.R413R,.,.,.,86.2,1.0
1-04523,CTD,No,No,17,27909046,A,G,ENSG00000108262,GIT1,syn,p.A174A,.,.,.,86.2,1.0
1-03139,other,No,Yes,12,75804255,A,G,ENSG00000180481,GLIPR1L2,syn,p.G92G,.,.,8.33E-06,0.0,0.0
1-04891,LVO,Yes,Unknown,1,68171197,C,T,ENSG00000172380,GNG12,syn,p.L52L,.,.,.,81.9,0.55
1-00050,LVO,Yes,Unknown,1,155823200,G,A,ENSG00000116580,GON4L,syn,p.H124H,.,.,9.88E-05,93.1,1.0
GT04012532,LVO,Yes,No,12,110890845,A,G,ENSG00000111231,GPN3,syn,p.D283D,.,.,.,62.0,0.0
1-05179,other (AVC),No,Unknown,4,22475442,G,A,ENSG00000152990,GPR125,syn,p.S94S,.,.,0.00001656,77.0,0.92
1-06821,LVO,No,No,14,59931429,C,A,ENSG00000181619,GPR135,syn,p.A172A,.,.,.,29.1,0.0
1-00565,CTD,No,Yes,5,145895605,G,A,ENSG00000173250,GPR151,syn,p.A24A,.,.,8.30E-06,13.5,0.0
1-12875,CTD,Yes,Unknown,10,25877949,C,T,ENSG00000151025,GPR158,syn,p.F589F,.,.,.,18.2,0.68
1-09495,LVO,Yes,No,X,150349426,T,C,ENSG00000102195,GPR50,syn,p.S457S,.,.,.,26.8,0.45
1-05245,LVO,No,No,12,13717235,G,A,ENSG00000273079,GRIN2B,syn,p.N979N,.,.,1.65E-05,14.5,1.0
1-08562,CTD,No,Yes,17,72843642,G,A,ENSG00000161509,GRIN2C,syn,p.S602S,.,.,3.39E-05,41.8,0.0
1-09451,other,No,Yes,12,66771005,C,T,ENSG00000155974,GRIP1,syn,p.A842A,-0.966,T,.,45.1,0.92
1-05003,CTD (TGA),No,Unknown,5,178409953,T,C,ENSG00000113262,GRM6,syn,p.A798A,.,.,.,18.4,0.0
1-02945,other,No,Unknown,9,124080948,G,A,ENSG00000148180,GSN,syn,p.S338S,.,.,8.32E-06,94.9,0.0
1-02549,other,No,No,11,18362809,A,G,ENSG00000110768,GTF2H1,syn,p.V203V,.,.,.,63.4,1.0
1-03045,LVO,No,No,4,156715022,A,G,ENSG00000061918,GUCY1B3,syn,p.R102R,.,.,.,82.4,0.0
1-02940,LVO,No,Yes,20,23345432,T,C,ENSG00000125812,GZF1,syn,p.L138L,.,.,.,59.1,0.01
1-03301,HTX,No,Unknown,16,69148485,C,T,ENSG00000103044,HAS3,syn,p.S326S,.,.,.,35.1,0.27
1-03837,LVO,No,Yes,12,123200781,C,T,ENSG00000255398,HCAR3,syn,p.L168L,.,.,.,0.0,0.0
GT04008173,LVO,Yes,Yes,1,222713653,G,T,ENSG00000143512,HHIPL2,syn,p.I383I,.,.,.,25.1,0.0
1-00739,CTD,No,No,6,26043856,G,A,ENSG00000196226,HIST1H2BB,syn,p.A10A,.,.,4.24E-05,25.1,0.13
1-06332,other,Yes,No,6,12121396,C,T,ENSG00000095951,HIVEP1,syn,p.H456H,.,.,2.49E-05,73.6,1.0
1-02189,LVO,Yes,No,6,143094133,G,A,ENSG00000010818,HIVEP2,syn,p.T581T,.,.,6.63E-05,58.2,1.0
1-13760,other,Yes,No,10,124895884,C,G,ENSG00000188620,HMX3,syn,p.P106P,.,.,0,9.5,0.77
1-04718,CTD (TGA),No,Unknown,10,43882724,G,A,ENSG00000169813,HNRNPF,syn,p.S203S,.,.,2.47E-05,97.6,0.86
1-00715,LVO,No,Unknown,3,11301371,C,T,ENSG00000196639,HRH1,syn,p.A216A,.,.,0.000008248,0.0,0.0
1-01056,HTX,No,Unknown,12,104336346,C,T,ENSG00000166598,HSP90B1,syn,p.I472I,.,.,.,98.9,0.99
1-03308,CTD,No,No,12,104327925,C,T,ENSG00000166598,HSP90B1,syn,p.S201S,.,.,7.41E-05,98.9,0.99
1-00949,CTD,Yes,Unknown,1,220276114,A,G,ENSG00000067704,IARS2,syn,p.E315E,.,.,.,87.4,0.47
GT04011381,HTX,Yes,Yes,11,309084,C,T,ENSG00000185201,IFITM2,syn,p.N106N,-1.082,T,2.49E-05,93.0,0.3
1-03176,other,Yes,No,16,1570255,A,G,ENSG00000187535,IFT140,syn,p.A1250A,.,.,.,61.9,0.0
1-02304,LVO,No,Unknown,2,27676891,C,T,ENSG00000138002,IFT172,syn,p.L1223L,-0.925,T,.,72.5,0.0
1-00771,CTD (TGA),No,Yes,1,18703296,C,T,ENSG00000117154,IGSF21,syn,p.N368N,.,.,2.67E-05,0.0,0.55
1-00940,CTD,No,Unknown,11,18728477,G,A,ENSG00000179057,IGSF22,syn,p.L1188L,.,.,.,,
1-04346,other,No,No,3,9959752,C,T,ENSG00000163702,IL17RC,syn,p.A162A,.,.,.,38.1,0.0
1-03117,CTD,No,Unknown,11,6631755,C,T,ENSG00000166333,ILK,syn,p.L424L,.,.,.,96.7,0.04
1-06673,CTD,No,No,7,120608076,G,T,ENSG00000071243,ING3,syn,p.S215S,.,.,.,56.0,0.99
1-04805,CTD (TGA),No,No,7,1510582,G,A,ENSG00000164880,INTS1,syn,p.A2119A,.,.,0.0002,84.9,0.22
1-04420,other (AVC),No,Yes,17,59974878,G,A,ENSG00000108506,INTS2,syn,p.N490N,.,.,.,62.7,1.0
1-02020,HTX,No,No,10,59955924,A,G,ENSG00000151151,IPMK,syn,p.H388H,.,.,.,50.6,0.43
1-04332,OTHER,No,No,19,44097504,C,T,ENSG00000167378,IRGQ,syn,p.A182A,.,.,1.89E-05,68.5,0.0
1-11244,other,No,Yes,3,37523028,C,G,ENSG00000144668,ITGA9,syn,p.P158P,.,.,.,79.1,0.1
1-00180,LVO,Yes,Yes,2,128262771,G,A,ENSG00000163166,IWS1,syn,p.D236D,.,.,.,70.3,0.99
1-04734,HTX,Yes,No,10,133963500,G,A,ENSG00000188385,JAKMIP3,syn,p.A654A,.,.,0.0004,19.0,0.05
1-05573,CTD (TGA),No,Unknown,10,64973467,G,C,ENSG00000171988,JMJD1C,syn,p.A820A,.,.,.,73.3,1.0
1-01849,other,Yes,No,1,62739114,C,A,ENSG00000132854,KANK4,syn,p.S554S,.,.,.,51.1,0.0
1-13283,LVO,Yes,No,15,65369195,C,A,ENSG00000234438,KBTBD13,syn,p.G14G,.,.,.,29.5,0.0
1-06698,LVO,Yes,Unknown,8,73849654,T,C,ENSG00000182674,KCNB2,syn,p.H688H,.,.,.,20.2,0.95
1-04186,other,No,Unknown,4,20852277,A,G,ENSG00000185774,KCNIP4,syn,p.D38D,.,.,.,21.7,0.97
1-01817,CTD,Yes,Yes,11,17409339,C,T,ENSG00000187486,KCNJ11,syn,p.L13L,.,.,.,81.0,0.31
1-06630,LVO,No,Unknown,12,21926392,T,C,ENSG00000121361,KCNJ8,syn,p.Q53Q,.,.,.,52.5,0.26
1-02634,other,No,No,20,62103694,C,A,ENSG00000075043,KCNQ2,syn,p.L41L,.,.,.,9.5,1.0
1-01151,CTD,No,No,8,36721962,C,T,ENSG00000215262,KCNU1,syn,p.I644I,.,.,8.31E-06,21.6,0.0
1-06119,LVO,Yes,Unknown,16,2732699,C,T,ENSG00000167977,KCTD5,syn,p.V50V,.,.,.,61.8,0.54
1-04280,CTD (TGA),Yes,No,5,137708401,C,T,ENSG00000120733,KDM3B,syn,p.H77H,.,.,.,86.6,1.0
1-04969,CTD,No,Unknown,5,137715316,A,T,ENSG00000120733,KDM3B,syn,p.P208P,.,.,.,86.6,1.0
1-03673,other,No,No,19,5110752,G,T,ENSG00000127663,KDM4B,syn,p.R346R,.,.,.,79.7,1.0
GT04011312,LVO,Unknown,Yes,6,73933986,C,T,ENSG00000256980,KHDC1L,syn,p.Q66Q,.,.,.,9.5,0.01
1-05631,other,No,No,6,127765386,G,C,ENSG00000189367,KIAA0408,syn,p.S651S,-1.078,T,.,,
1-04506,CTD (TGA),No,No,1,92649557,A,G,ENSG00000069712,KIAA1107,syn,p.T1245T,.,.,.,46.0,
1-03846,LVO,Yes,No,4,123207865,G,A,ENSG00000138688,KIAA1109,syn,p.Q3069Q,-0.868,T,.,67.1,0.0
1-03868,CTD,No,Unknown,10,24783528,G,A,ENSG00000120549,KIAA1217,syn,p.A513A,.,.,0.0001,58.6,0.01
1-01804,LVO,No,Unknown,8,12863753,C,T,ENSG00000250305,KIAA1456,syn,p.H14H,.,.,8.41E-06,34.8,
1-01049,CTD,No,No,7,138603598,G,A,ENSG00000122778,KIAA1549,syn,p.Y258Y,.,.,.,53.6,1.0
1-04248,LVO,Yes,Unknown,2,241723201,C,G,ENSG00000130294,KIF1A,syn,p.G251G,-0.869,T,.,46.2,1.0
1-08371,HTX,No,Yes,14,50249554,C,T,ENSG00000165516,KLHDC2,syn,p.S368S,-0.961,T,.,75.4,0.16
1-13722,CTD (TGA),Yes,Unknown,19,36222855,C,T,ENSG00000272333,KMT2B,syn,p.V1828V,.,.,3.35E-05,87.1,1.0
1-03482,other (AVC),No,Unknown,7,151860402,A,G,ENSG00000055609,KMT2C,syn,p.D3420D,.,.,.,80.0,1.0
1-05534,OTHER,No,No,10,135012112,C,T,ENSG00000171798,KNDC1,syn,p.S700S,.,.,1.29E-05,10.3,0.0
1-06643,CTD,Yes,No,19,10673488,G,A,ENSG00000129347,KRI1,syn,p.D106D,-0.991,T,.,73.8,0.0
1-06550,LVO,No,Unknown,17,39623497,G,A,ENSG00000108759,KRT32,syn,p.S27S,.,.,5.06E-05,0.0,0.0
1-02350,LVO,No,Unknown,12,52962098,G,A,ENSG00000170484,KRT74,syn,p.L404L,.,.,0.0001,0.0,0.0
1-02491,CTD,Yes,Unknown,12,53292501,G,A,ENSG00000170421,KRT8,syn,p.I388I,.,.,0.00000824,38.7,0.0
1-04394,other,No,No,12,52779190,C,T,ENSG00000161849,KRT84,syn,p.S60S,.,.,.,0.0,0.0
1-04742,LVO,Yes,No,14,59942590,C,T,ENSG00000126790,L3HYPDH,syn,p.V312V,.,.,.,48.2,0.0
1-04162,CTD,No,No,18,21511154,C,T,ENSG00000053747,LAMA3,syn,p.S2855S,.,.,2.47E-05,37.3,0.0
GT04009902,LVO,No,Yes,3,49167721,G,T,ENSG00000172037,LAMB2,syn,p.R390R,.,.,.,93.7,0.0
1-14135,other,Yes,No,1,152770558,G,A,ENSG00000172155,LCE1D,syn,p.S96S,.,.,0.0003,0.0,0.0
1-11800,CTD,Yes,Unknown,10,103870717,A,G,ENSG00000198728,LDB1,syn,p.N51N,.,.,.,95.8,0.88
1-02093,CTD,No,Unknown,5,38502758,T,C,ENSG00000113594,LIFR,syn,p.Q527Q,.,.,.,76.8,0.0
GT04013691,LVO,No,Yes,17,33321297,G,A,ENSG00000005156,LIG3,syn,p.A486A,.,.,4.19E-05,75.8,0.0
1-01747,CTD (TGA),No,No,2,128399714,A,G,ENSG00000072163,LIMS2,syn,p.H212H,.,.,5.17E-05,43.7,0.0
1-04865,CTD (TGA),No,No,12,81283141,T,C,ENSG00000111052,LIN7A,syn,p.A30A,.,.,.,43.8,0.04
1-07419,CTD,Yes,Unknown,10,90351158,C,A,ENSG00000204022,LIPJ,syn,p.G11G,.,.,.,41.7,0.0
GT04008002,CTD,Yes,Yes,5,36143278,C,T,ENSG00000164187,LMBRD2,syn,p.T58T,.,.,.,31.9,0.01
1-05274,CTD,Yes,No,3,197723153,G,A,ENSG00000185621,LMLN,syn,p.E385E,.,.,.,38.9,0.0
GT04009283,LVO,No,No,7,97770813,T,C,ENSG00000164715,LMTK2,syn,p.N112N,.,.,.,78.2,0.99
1-05127,other,No,Yes,18,44173614,G,A,ENSG00000167210,LOXHD1,syn,p.L460L,-1.005,T,4.07E-05,0.0,
1-05333,CTD (TGA),No,Unknown,4,62598740,C,T,ENSG00000150471,LPHN3,syn,p.N221N,.,.,.,54.6,1.0
1-00301,LVO,No,No,4,155665550,C,T,ENSG00000121207,LRAT,syn,p.L24L,.,.,.,44.4,0.1
1-06537,CTD,Yes,Unknown,10,85981931,G,A,ENSG00000204033,LRIT2,syn,p.V476V,.,.,.,0.0,0.0
1-06537,CTD,Yes,Unknown,11,68171022,G,A,ENSG00000162337,LRP5,syn,p.T552T,.,.,8.24E-06,75.5,1.0
1-04530,other,No,No,11,40136613,C,T,ENSG00000148948,LRRC4C,syn,p.T410T,.,.,1.65E-05,35.8,0.95
1-01652,other,Yes,No,6,144184586,A,G,ENSG00000135521,LTV1,syn,p.L450L,.,.,.,81.1,0.0
1-07320,CTD,Yes,Unknown,X,140995209,A,G,ENSG00000155495,MAGEC1,syn,p.Q673Q,.,.,2.33E-05,0.0,
1-03393,CTD (TGA),No,No,X,75650756,C,G,ENSG00000198934,MAGEE1,syn,p.S811S,.,.,.,51.7,0.7
1-11800,CTD,Yes,Unknown,21,30464877,C,T,ENSG00000156265,MAP3K7CL,syn,p.P115P,.,.,2.47E-05,28.5,0.0
1-05348,LVO,No,Unknown,11,75378869,C,A,ENSG00000171533,MAP6,syn,p.A182A,.,.,.,34.3,0.01
1-00515,LVO,Yes,No,22,51045399,C,T,ENSG00000008735,MAPK8IP2,syn,g.51045399C>T,.,.,.,21.5,1.0
1-00004,CTD (TGA),Yes,Unknown,5,179668070,T,C,ENSG00000050748,MAPK9,syn,p.P319P,.,.,.,76.1,0.01
1-03201,LVO,No,No,17,44091620,C,T,ENSG00000186868,MAPT,syn,p.V644V,.,.,.,30.2,0.0
1-02266,other,No,No,3,187003736,G,A,ENSG00000127241,MASP1,syn,p.D38D,.,.,.,50.5,0.0
1-03100,LVO,No,Unknown,19,3783146,C,T,ENSG00000007264,MATK,syn,p.S218S,.,.,.,29.2,0.0
1-06679,HTX,No,No,17,38191512,T,C,ENSG00000008838,MED24,syn,p.A139A,.,.,.,79.8,0.0
1-03683,CTD,No,No,15,89449103,C,T,ENSG00000140545,MFGE8,syn,p.A182A,.,.,5.77E-05,89.2,0.0
1-00756,LVO,No,No,4,128843112,G,A,ENSG00000164073,MFSD8,syn,p.G335G,.,.,0,40.8,0.0
GT04011562,LVO,No,Yes,15,42032253,A,G,ENSG00000174197,MGA,syn,p.V1479V,.,.,.,78.7,1.0
1-03480,LVO,Yes,Yes,1,1563119,C,G,ENSG00000197530,MIB2,syn,p.T645T,-0.985,T,.,64.8,0.0
1-06851,CTD,Yes,No,17,4799982,C,T,ENSG00000141503,MINK1,syn,p.S1234S,.,.,.,88.1,1.0
1-05617,CTD,No,Yes,13,24436489,A,G,ENSG00000027001,MIPEP,syn,p.D335D,.,.,.,61.8,0.0
1-02020,HTX,No,No,3,37053567,C,T,ENSG00000076242,MLH1,syn,p.S218S,-0.761,T,.,61.0,0.74
1-01124,LVO,No,Unknown,14,23312575,G,A,ENSG00000157227,MMP14,syn,p.T266T,.,.,8.25E-06,91.6,0.99
1-06675,CTD,No,Unknown,8,89128811,G,A,ENSG00000156103,MMP16,syn,p.P336P,.,.,1.65E-05,35.9,0.92
1-02862,LVO,No,Unknown,3,49949287,G,A,ENSG00000164077,MON1A,syn,p.S192S,.,.,0.0006,43.3,0.01
1-13996,other,Yes,No,22,31328630,G,A,ENSG00000133422,MORC2,syn,p.V821V,-1.029,T,0.0005,80.7,1.0
1-00739,CTD,No,No,22,50573002,G,A,ENSG00000073146,MOV10L1,syn,p.T671T,.,.,6.59E-05,66.7,0.0
1-01014,CTD,No,No,5,41000361,T,C,ENSG00000171495,MROH2B,syn,p.P1481P,.,.,8.29E-06,0.0,0.0
1-01441,LVO,Yes,Unknown,8,144651773,C,T,ENSG00000204839,MROH6,syn,p.V438V,-1.056,T,.,,
1-05420,CTD (TGA),Yes,Unknown,8,144652517,G,A,ENSG00000204839,MROH6,syn,p.T313T,-0.946,T,6.04E-05,,
1-00584,LVO,Yes,Unknown,8,55060123,T,C,ENSG00000137547,MRPL15,syn,p.P245P,.,.,.,91.5,0.0
1-02829,HTX,Yes,Unknown,16,420099,G,A,ENSG00000086504,MRPL28,syn,p.P40P,.,.,.,86.2,0.0
1-08416,CTD,Yes,Unknown,11,10597969,A,G,ENSG00000072952,MRVI1,syn,p.D883D,.,.,.,59.8,0.0
1-01577,other (AVC),Yes,No,8,98656791,C,G,ENSG00000147649,MTDH,syn,p.A19A,.,.,.,92.2,0.72
1-03271,other,No,No,1,38281057,C,T,ENSG00000188786,MTF1,syn,p.L671L,.,.,.,71.1,0.99
1-12987,CTD,Yes,No,16,70698342,G,A,ENSG00000132613,MTSS1L,syn,p.Y494Y,.,.,0.00001242,89.1,0.87
1-06355,CTD (TGA),No,Unknown,19,9074825,C,T,ENSG00000181143,MUC16,syn,p.S4207S,.,.,8.30E-06,37.2,
1-06103,other,No,Yes,7,100675546,C,T,ENSG00000169876,MUC17,syn,p.S283S,.,.,.,0.0,
1-00559,LVO,Yes,Yes,3,195511050,G,T,ENSG00000145113,MUC4,syn,p.G2467G,.,.,0.0003,16.3,
1-07026,HTX,Yes,Yes,22,36718486,G,A,ENSG00000100345,MYH9,syn,p.N231N,.,.,.,97.5,1.0
1-00221,CTD,Yes,No,22,26193982,C,A,ENSG00000133454,MYO18B,syn,p.L813L,.,.,.,97.8,0.0
1-01411,LVO,No,No,6,76583013,T,C,ENSG00000196586,MYO6,syn,p.C691C,.,.,.,63.2,0.02
1-03572,other,No,No,1,203054835,C,T,ENSG00000122180,MYOG,syn,p.A85A,.,.,3.30E-05,31.6,0.74
1-02062,CTD,No,No,8,2092821,C,T,ENSG00000036448,MYOM2,syn,p.H1438H,.,.,8.26E-06,82.4,0.0
1-03188,CTD,No,Unknown,11,19954915,G,A,ENSG00000166833,NAV2,syn,p.S398S,.,.,9.58E-05,96.9,1.0
1-06497,CTD,Yes,Unknown,1,21795371,C,T,ENSG00000142794,NBPF3,syn,p.A108A,.,.,.,,
1-01708,Other,Yes,No,4,17814731,T,C,ENSG00000109805,NCAPG,syn,p.L169L,.,.,.,71.3,0.62
1-01255,CTD (TGA),No,Unknown,17,15965142,C,T,ENSG00000141027,NCOR1,syn,p.A1818A,.,.,0.0001,97.2,1.0
1-03234,HTX,No,No,19,19637046,A,C,ENSG00000258674,NDUFA13,syn,p.I50I,.,.,.,,
1-03766,other,Yes,No,2,152499136,A,G,ENSG00000183091,NEB,syn,p.D2775D,.,.,.,39.1,0.0
1-07121,other,No,No,12,97330533,T,C,ENSG00000139350,NEDD1,syn,p.S288S,.,.,.,61.8,0.22
1-02980,CTD,No,No,4,170321473,A,G,ENSG00000137601,NEK1,syn,p.I1250I,.,.,.,55.9,0.0
1-02860,LVO,No,No,18,70526254,C,T,ENSG00000166342,NETO1,syn,p.P91P,.,.,5.77E-05,16.0,0.95
1-07106,CTD (TGA),No,Unknown,2,233897561,C,T,ENSG00000115488,NEU2,syn,p.D60D,.,.,6.63E-05,0.0,0.0
1-08425,CTD,Yes,No,17,7227572,G,A,ENSG00000215041,NEURL4,syn,p.G639G,.,.,.,84.0,1.0
1-01487,CTD,No,No,17,29701104,C,T,ENSG00000196712,NF1,syn,p.S2817S,.,.,5.78E-05,82.3,1.0
1-00571,LVO,No,No,7,26217637,G,A,ENSG00000050344,NFE2L3,syn,p.V215V,.,.,.,35.0,0.0
1-05934,other,No,Yes,4,103537628,C,T,ENSG00000109320,NFKB1,syn,p.G929G,.,.,.,81.4,0.99
1-04145,LVO,Yes,Yes,4,47898642,T,C,ENSG00000170448,NFXL1,syn,p.E409E,.,.,.,55.5,0.01
1-07356,LVO,No,Unknown,6,41059286,C,T,ENSG00000001167,NFYA,syn,p.G189G,.,.,.,83.0,0.02
1-01341,CTD,No,Unknown,3,52522475,C,T,ENSG00000010322,NISCH,syn,p.H989H,.,.,1.66E-05,99.1,0.82
1-03661,HTX,No,No,3,42672717,T,A,ENSG00000114857,NKTR,syn,p.I153I,.,.,.,91.5,0.99
1-10465,CTD,Yes,Unknown,19,55435195,C,T,ENSG00000167634,NLRP7,syn,p.E981E,.,.,.,15.8,0.0
1-07688,other (AVC),Yes,Unknown,5,175815436,T,C,ENSG00000048162,NOP16,syn,p.N11S,-0.932,T,.,68.9,0.15
1-00305,CTD,No,Unknown,9,139937509,G,A,ENSG00000107281,NPDC1,syn,p.P43P,.,.,4.48E-05,51.5,0.7
1-04483,other (AVC),No,No,17,79577257,G,A,ENSG00000182446,NPLOC4,syn,p.C138C,.,.,6.92E-05,84.2,1.0
1-01149,OTHER,No,No,12,52450339,C,T,ENSG00000123358,NR4A1,syn,p.P356P,.,.,.,53.3,0.96
GT04008383,LVO,No,Yes,8,32621506,C,T,ENSG00000157168,NRG1,syn,p.H508H,.,.,.,33.5,0.95
1-01904,other,Yes,Yes,21,16339614,A,G,ENSG00000180530,NRIP1,syn,p.A300A,.,.,0.000008266,43.3,0.99
1-04574,CTD,No,Unknown,3,196388320,T,C,ENSG00000174004,NRROS,syn,p.D602D,.,.,.,39.1,0.46
1-12199,other,Yes,Unknown,11,64375286,G,A,ENSG00000110076,NRXN2,syn,p.P1507P,.,.,0.00001985,33.4,1.0
1-07072,LVO,No,Yes,4,4411401,C,T,ENSG00000168824,NSG1,syn,p.F116F,.,.,.,48.2,0.0
1-03479,CTD,No,No,10,18903466,A,G,ENSG00000241058,NSUN6,syn,p.D166D,.,.,.,37.7,0.0
1-09003,other,No,Yes,16,1836590,G,A,ENSG00000095906,NUBP2,syn,p.K23K,.,.,.,47.8,0.01
1-03922,HTX,No,Unknown,1,27269433,C,T,ENSG00000090273,NUDC,syn,p.H206H,.,.,.,94.1,0.82
1-06960,LVO,No,No,8,27884480,T,G,ENSG00000189233,NUGGC,syn,p.A748A,.,.,.,17.2,0.0
1-05444,CTD,No,Unknown,5,37342682,C,T,ENSG00000113569,NUP155,syn,p.L354L,.,.,.,72.7,0.99
1-01969,LVO,No,No,4,77038856,C,T,ENSG00000138750,NUP54,syn,p.R452R,.,.,.,71.3,0.96
1-05682,CTD (TGA),Yes,Unknown,2,226491763,A,G,ENSG00000144460,NYAP2,syn,p.T583T,-1.081,T,.,9.5,0.91
1-07184,other,No,No,12,113425097,C,T,ENSG00000111335,OAS2,syn,p.A144A,.,.,.,19.3,0.0
1-06236,other,Yes,No,1,228511285,C,G,ENSG00000154358,OBSCN,syn,p.T6167T,.,.,.,98.2,0.0
1-05557,other,No,Unknown,1,228402783,G,A,ENSG00000154358,OBSCN,syn,p.P604P,.,.,8.72E-05,98.2,0.0
1-05351,HTX,No,Yes,9,131235270,G,A,ENSG00000136811,ODF2,syn,p.A196A,-0.812,T,4.95E-05,85.2,0.37
1-03004,LVO,No,Yes,X,67502925,G,A,ENSG00000079482,OPHN1,syn,p.N95N,.,.,.,48.3,1.0
1-06155,LVO,No,No,8,145113302,C,T,ENSG00000178814,OPLAH,syn,p.V263V,.,.,1.42E-05,69.9,0.0
1-05443,CTD (TGA),No,Unknown,10,13154485,C,T,ENSG00000123240,OPTN,syn,p.A134A,.,.,2.47E-05,57.8,0.0
1-01518,LVO,Yes,No,9,125391506,G,A,ENSG00000171484,OR1B1,syn,p.F103F,.,.,.,0.0,0.0
1-03138,CTD (TGA),No,No,17,3336812,C,T,ENSG00000127780,OR1E2,syn,p.S108S,.,.,.,0.0,0.02
1-01430,other,No,No,6,27879474,T,C,ENSG00000168131,OR2B2,syn,p.L208L,.,.,.,,
1-01849,other,Yes,No,11,59225081,C,T,ENSG00000166884,OR4D6,syn,p.G216G,.,.,.,0.0,0.02
1-05264,CTD (TGA),No,Unknown,19,9213641,C,T,ENSG00000170923,OR7G2,syn,p.T114T,.,.,8.24E-06,0.0,0.01
1-10071,CTD,Yes,No,11,124440462,C,T,ENSG00000196119,OR8A1,syn,p.Y166Y,.,.,3.30E-05,0.0,0.06
1-04433,other,No,No,12,76772245,G,A,ENSG00000091039,OSBPL8,syn,p.Y572Y,.,.,6.63E-05,84.3,0.99
1-06235,other,Yes,Unknown,12,80660310,G,T,ENSG00000165899,OTOGL,syn,p.P759P,.,.,.,16.1,0.0
1-04739,CTD,No,No,8,107718766,C,T,ENSG00000164830,OXR1,syn,p.F339F,-0.744,T,.,77.3,0.49
1-02410,HTX,Yes,Yes,5,43547932,A,C,ENSG00000172239,PAIP1,syn,p.P61P,.,.,.,81.5,0.99
1-04863,CTD,Yes,Yes,13,28844905,T,C,ENSG00000152520,PAN3,syn,p.Y620Y,.,.,.,73.5,1.0
1-05977,CTD,Yes,Yes,10,89504869,C,T,ENSG00000198682,PAPSS2,syn,p.P534P,.,.,3.30E-05,36.6,0.0
1-07281,other,No,No,1,226579930,C,T,ENSG00000143799,PARP1,syn,p.T124T,.,.,2.47E-05,95.0,0.01
1-03665,LVO,No,No,4,134071457,G,A,ENSG00000138650,PCDH10,syn,p.Q54Q,.,.,.,27.8,0.89
1-00495,OTHER,No,Unknown,10,56128954,G,T,ENSG00000150275,PCDH15,syn,p.R139R,.,.,8.29E-06,29.0,0.0
1-04335,other (AVC),Yes,No,10,55913012,G,A,ENSG00000150275,PCDH15,syn,p.I549I,.,.,.,29.0,0.0
1-06324,CTD,Yes,No,5,140215891,C,T,ENSG00000204963,PCDHA7,syn,p.D641D,.,.,.,,
1-03808,LVO,No,Unknown,5,140559856,T,A,ENSG00000120322,PCDHB8,syn,p.S747S,.,.,.,30.7,0.0
1-03032,other,No,No,5,140559637,T,G,ENSG00000120322,PCDHB8,syn,p.L674L,.,.,8.49E-06,30.7,0.0
1-04010,CTD,Yes,Yes,5,140812475,C,A,ENSG00000253159,PCDHGA12,syn,p.R717R,.,.,1.65E-05,,
1-05157,other,No,Unknown,10,93031421,G,A,ENSG00000180628,PCGF5,syn,p.S230S,.,.,.,54.1,1.0
1-05651,CTD,Yes,No,7,82595717,T,G,ENSG00000186472,PCLO,syn,p.P1129P,.,.,8.29E-06,28.9,1.0
1-11871,CTD,Yes,Unknown,10,105166541,A,G,ENSG00000148843,PDCD11,syn,p.V288V,.,.,.,75.0,0.47
1-03220,LVO,No,Yes,1,144931100,C,T,ENSG00000178104,PDE4DIP,syn,p.S203S,.,.,.,95.6,
GT04011402,LVO,No,Yes,2,173460682,G,A,ENSG00000152256,PDK1,syn,p.T452T,.,.,2.20E-05,94.3,0.0
1-01197,HTX,No,No,17,48187344,G,A,ENSG00000005882,PDK2,syn,p.E305E,.,.,3.39E-05,92.7,0.17
1-00436,LVO,No,Unknown,1,13940871,C,T,ENSG00000162493,PDPN,syn,p.I225I,.,.,.,53.2,0.0
1-00660,CTD,No,Unknown,11,119059387,G,A,ENSG00000172367,PDZD3,syn,p.E352E,.,.,.,12.8,0.0
1-04646,other,No,No,7,92151517,A,G,ENSG00000127980,PEX1,syn,p.L58L,.,.,.,52.5,0.0
1-02658,other,No,No,6,33382035,T,C,ENSG00000112511,PHF1,syn,p.H256H,.,.,.,67.6,1.0
M005-14,HTX,Unknown,Unknown,X,54044212,G,A,ENSG00000172943,PHF8,syn,p.T112T,-0.957,T,0,67.6,1.0
1-07263,CTD,Yes,Unknown,7,56151360,C,T,ENSG00000164776,PHKG1,syn,p.L154L,.,.,.,38.1,0.0
1-05391,other,No,No,11,598480,C,T,ENSG00000070047,PHRF1,syn,p.P334P,.,.,5.80E-05,85.9,0.95
1-05923,CTD,No,Yes,12,18439831,G,A,ENSG00000139144,PIK3C2G,syn,p.T243T,.,.,8.04E-05,27.6,0.0
1-01696,other,No,No,2,159519816,G,A,ENSG00000144283,PKP4,syn,p.S812S,.,.,1.65E-05,95.7,0.0
1-00528,other,No,Yes,2,160832669,G,A,ENSG00000153246,PLA2R1,syn,p.N835N,.,.,.,45.5,0.0
1-00865,other,Yes,Yes,2,160862218,T,A,ENSG00000153246,PLA2R1,syn,p.P593P,.,.,.,45.5,0.0
1-04400,other,No,No,3,17052065,T,A,ENSG00000154822,PLCL2,syn,p.L283L,.,.,8.25E-06,59.7,1.0
1-01435,CTD,Yes,Unknown,8,145009260,C,T,ENSG00000178209,PLEC,syn,p.E275E,.,.,.,98.1,0.02
1-07719,other,Yes,No,8,145010138,G,C,ENSG00000178209,PLEC,syn,p.A187A,.,.,.,98.1,0.02
1-00917,other,Yes,No,11,16838671,C,T,ENSG00000166689,PLEKHA7,syn,p.A514A,-0.96,T,0.0003,92.7,0.0
1-03281,other,No,No,5,181768,C,T,ENSG00000153404,PLEKHG4B,syn,p.P1158P,.,.,2.49E-05,,
1-02364,CTD (TGA),Yes,Unknown,17,43516854,G,A,ENSG00000225190,PLEKHM1,syn,p.D1016D,.,.,.,58.5,0.84
1-04292,LVO,No,No,19,17488062,A,G,ENSG00000130300,PLVAP,syn,p.A12A,.,.,.,93.7,0.0
1-00241,other,No,Unknown,X,153688745,C,T,ENSG00000130827,PLXNA3,syn,p.N74N,.,.,0.0005,63.7,0.98
1-07313,CTD,No,No,7,132192808,C,T,ENSG00000221866,PLXNA4,syn,p.A215A,.,.,0.00002473,89.7,1.0
1-03837,LVO,No,Yes,22,38352832,T,C,ENSG00000100142,POLR2F,syn,p.L25L,.,.,.,95.0,0.65
1-05605,other,Yes,Yes,X,48368343,C,T,ENSG00000102312,PORCN,syn,p.L45L,.,.,.,38.8,1.0
1-01053,CTD (TGA),No,No,12,81751878,G,T,ENSG00000139220,PPFIA2,syn,p.R586R,.,.,.,27.7,1.0
1-07182,other (AVC),No,No,1,43124556,G,C,ENSG00000171960,PPIH,syn,p.V36V,.,.,.,43.3,0.0
1-01293,LVO,No,Unknown,14,104202499,C,T,ENSG00000088808,PPP1R13B,syn,p.A1024A,-1.005,T,2.49E-05,68.6,0.98
1-06236,other,Yes,No,8,145726334,C,T,ENSG00000160972,PPP1R16A,syn,p.T339T,.,.,.,60.1,0.05
1-04153,other,No,Unknown,10,103898710,C,T,ENSG00000148840,PPRC1,syn,p.P188P,.,.,.,79.9,1.0
1-00525,HTX,No,Unknown,6,106553361,G,A,ENSG00000057657,PRDM1,syn,p.R442R,.,.,.,30.3,0.98
1-02588,LVO,No,Unknown,6,57246915,T,C,ENSG00000146143,PRIM2,syn,p.I214I,.,.,.,47.0,0.0
1-01327,CTD (TGA),No,Unknown,7,106799901,T,C,ENSG00000005249,PRKAR2B,syn,p.D377D,.,.,.,58.2,1.0
1-00880,CTD,No,Unknown,19,11548922,C,T,ENSG00000130175,PRKCSH,syn,p.G109G,.,.,2.50E-05,89.0,0.14
1-00669,CTD (TGA),No,Unknown,2,37505009,C,T,ENSG00000115825,PRKD3,syn,p.L432L,.,.,.,81.7,0.01
1-00159,HTX,No,Unknown,4,82092912,G,A,ENSG00000138669,PRKG2,syn,p.I225I,.,.,.,24.1,0.45
1-07517,other,Yes,No,19,50187299,C,T,ENSG00000126457,PRMT1,syn,p.T176T,-0.879,T,0.0001,96.0,0.99
1-01241,HTX,No,Yes,22,18918553,A,G,ENSG00000100033,PRODH,syn,p.Y144Y,.,.,.,42.6,0.0
1-01471,other,No,No,1,150305659,C,T,ENSG00000117360,PRPF3,syn,p.G239G,.,.,.,69.2,1.0
1-04274,CTD,Yes,No,11,36472782,A,G,ENSG00000135362,PRR5L,syn,p.P203P,.,.,.,41.4,0.08
1-04506,CTD (TGA),No,No,16,2764103,G,A,ENSG00000172382,PRSS27,syn,p.N157N,.,.,.,17.7,0.0
1-03224,CTD,No,No,1,227071462,T,C,ENSG00000143801,PSEN2,syn,p.S66S,.,.,.,52.6,0.03
1-00544,LVO,Yes,No,19,43585385,G,A,ENSG00000242221,PSG2,syn,p.N26N,.,.,8.27E-06,30.8,0.0
1-01637,CTD,No,No,6,170862316,T,C,ENSG00000008018,PSMB1,syn,p.T5T,.,.,9.91E-06,97.3,0.72
1-05858,CTD (TGA),No,Unknown,17,40729291,C,G,ENSG00000131470,PSMC3IP,syn,p.A55A,.,.,.,56.3,0.0
1-03416,LVO,No,Yes,7,1608799,C,T,ENSG00000157778,PSMG3,syn,p.K59K,.,.,8.47E-06,55.2,0.19
1-04062,HTX,No,Unknown,7,99022658,G,A,ENSG00000106246,PTCD1,syn,p.S548S,.,.,6.60E-05,67.4,0.0
1-00565,CTD,No,Yes,6,43106663,C,T,ENSG00000112655,PTK7,syn,p.T443T,-1.024,T,.,89.8,0.98
1-03618,HTX,No,No,12,70949882,C,T,ENSG00000127329,PTPRB,syn,p.T1587T,.,.,0.0002,61.5,0.94
1-03244,CTD (TGA),No,No,9,8504307,G,A,ENSG00000153707,PTPRD,syn,p.G592G,.,.,.,83.1,1.0
1-06457,other,No,No,12,132426231,G,A,ENSG00000177192,PUS1,syn,p.V313V,.,.,.,70.5,0.02
1-03141,LVO,No,Yes,2,1670161,C,T,ENSG00000130508,PXDN,syn,p.R372R,-0.953,T,.,96.3,0.0
1-09361,other,Yes,Unknown,20,25273190,C,T,ENSG00000100994,PYGB,syn,p.A706A,-0.94,T,2.50E-05,97.9,0.0
1-07655,LVO,Yes,Unknown,3,49141323,A,G,ENSG00000172053,QARS,syn,p.I116I,.,.,.,88.3,0.0
1-04986,LVO,No,No,7,66240310,C,T,ENSG00000154710,RABGEF1,syn,p.N92N,.,.,1.65E-05,59.4,0.5
1-06168,LVO,No,Yes,5,68695972,C,T,ENSG00000152942,RAD17,syn,p.L557L,.,.,.,65.1,0.01
1-01430,other,No,No,18,9524705,C,T,ENSG00000017797,RALBP1,syn,p.P389P,.,.,.,81.9,0.67
1-01816,LVO,No,Unknown,9,135983375,C,T,ENSG00000160271,RALGDS,syn,p.A399A,.,.,1.67E-05,63.7,0.3
1-08730,CTD,Yes,Unknown,22,41670724,A,G,ENSG00000100401,RANGAP1,syn,p.D40D,.,.,.,91.6,0.13
1-10763,CTD,Yes,No,11,63312274,T,G,ENSG00000133321,RARRES3,syn,p.V100V,.,.,.,,
1-05120,LVO,No,Unknown,6,88272477,T,C,ENSG00000146282,RARS2,syn,p.E80E,-1.035,T,.,61.0,0.0
1-00079,LVO,No,Unknown,5,145643188,T,C,ENSG00000091009,RBM27,syn,p.D775D,.,.,.,75.4,1.0
1-00718,other,No,Yes,9,125622305,G,A,ENSG00000056586,RC3H2,syn,p.S580S,.,.,.,69.8,1.0
1-02958,CTD,Yes,Unknown,X,17086566,C,T,ENSG00000169891,REPS2,syn,p.N417N,.,.,.,25.4,0.97
1-04192,HTX,No,Unknown,16,74695051,T,C,ENSG00000168411,RFWD3,syn,p.S99S,.,.,8.24E-06,73.8,0.53
1-07121,other,No,No,15,56387100,G,C,ENSG00000181827,RFX7,syn,p.G942G,.,.,.,60.7,1.0
1-10566,CTD,No,Yes,16,319558,A,T,ENSG00000076344,RGS11,syn,p.S411S,.,.,.,39.6,0.0
1-02445,CTD (TGA),No,No,8,22864796,C,T,ENSG00000008853,RHOBTB2,syn,p.D368D,.,.,2.49E-05,62.3,0.51
1-07306,LVO,No,No,22,45810217,C,T,ENSG00000128408,RIBC2,syn,p.A43A,.,.,.,11.7,0.0
1-01315,other,No,Yes,11,209460,C,T,ENSG00000177963,RIC8A,syn,p.H62H,.,.,.,64.5,0.0
1-03820,other (AVC),Yes,Yes,12,130892334,C,T,ENSG00000060709,RIMBP2,syn,p.T954T,.,.,1.65E-05,29.1,0.29
1-06753,LVO,Yes,Unknown,8,104897805,G,A,ENSG00000176406,RIMS2,syn,p.E326E,.,.,.,23.3,1.0
1-03256,LVO,No,Yes,15,89761838,G,T,ENSG00000140522,RLBP1,syn,p.V33V,.,.,.,11.7,0.0
1-04095,CTD,No,Unknown,11,10555631,C,T,ENSG00000110315,RNF141,syn,p.T25T,.,.,.,53.4,0.0
1-08832,other,Yes,Yes,17,78357497,C,A,ENSG00000173821,RNF213,syn,p.P4697P,.,.,.,69.5,0.0
1-05662,CTD (TGA),No,Unknown,6,125379111,C,T,ENSG00000146373,RNF217,syn,p.F88F,.,.,8.32E-06,44.6,0.03
1-02146,LVO,No,Unknown,15,60803774,A,G,ENSG00000069667,RORA,syn,p.Y190Y,.,.,.,36.3,0.95
1-10372,other (AVC),No,Yes,8,55541563,T,C,ENSG00000104237,RP1,syn,p.S1707S,.,.,.,16.6,0.0
1-07281,other,No,No,10,79800375,G,A,ENSG00000138326,RPS24,syn,p.P131P,.,.,1.65E-05,96.4,0.85
1-00940,CTD,No,Unknown,6,166844007,C,T,ENSG00000071242,RPS6KA2,syn,p.S513S,.,.,0.0001,89.6,0.08
1-07004,LVO,No,Yes,1,45242406,C,T,ENSG00000142937,RPS8,syn,p.A57A,.,.,.,97.8,0.97
GT04011882,LVO,Yes,No,11,4133146,A,G,ENSG00000167325,RRM1,syn,p.Q168Q,.,.,.,93.5,1.0
1-00075,HTX,Yes,Unknown,1,114354867,C,A,ENSG00000081019,RSBN1,syn,p.V56V,.,.,3.42E-05,52.0,0.81
1-01904,other,Yes,Yes,19,45992780,C,T,ENSG00000125744,RTN2,syn,p.R355R,.,.,.,65.8,0.64
1-00243,LVO,Yes,No,5,33937202,C,T,ENSG00000182631,RXFP3,syn,p.L119L,.,.,0.0002,0.0,0.0
1-06409,LVO,No,No,9,137293554,G,A,ENSG00000186350,RXRA,syn,p.P35P,.,.,4.21E-05,82.2,0.94
1-02641,other,No,Unknown,19,38980787,G,A,ENSG00000196218,RYR1,syn,p.A1962A,.,.,8.27E-06,27.2,0.0
1-00650,HTX,No,Yes,1,237756892,A,C,ENSG00000198626,RYR2,syn,p.T1464T,.,.,.,98.5,1.0
1-01076,other (AVC),Yes,No,1,237837415,G,A,ENSG00000198626,RYR2,syn,p.L2870L,.,.,.,98.5,1.0
1-05386,HTX,No,No,1,151958683,G,A,ENSG00000197747,S100A10,syn,p.A8A,.,.,.,82.3,0.17
1-11171,other,No,Yes,13,23914118,G,A,ENSG00000151835,SACS,syn,p.D1299D,.,.,.,28.5,0.0
M003-08,HTX,Unknown,Unknown,1,109779065,G,A,ENSG00000031698,SARS,syn,p.P384P,.,.,2.47E-05,94.2,1.0
1-06234,CTD,No,Yes,22,50894951,G,A,ENSG00000100241,SBF1,syn,p.L1352L,.,.,0.0003,85.5,0.69
1-04499,LVO,No,No,8,73982045,G,A,ENSG00000164764,SBSPON,syn,p.S224S,.,.,9.13E-05,25.6,0.0
GT04009902,LVO,No,Yes,12,46322518,C,T,ENSG00000139218,SCAF11,syn,p.R322R,.,.,.,88.7,1.0
1-07060,other,Yes,No,15,77057326,C,T,ENSG00000140386,SCAPER,syn,p.L321L,.,.,.,59.8,0.04
1-04068,CTD (TGA),No,Unknown,19,35524912,C,T,ENSG00000105711,SCN1B,syn,p.T239T,.,.,.,36.0,0.21
1-02187,LVO,No,Unknown,8,144894451,C,T,ENSG00000180900,SCRIB,syn,p.T297T,.,.,0.00001648,84.3,0.91
1-02812,other,No,Unknown,22,43619194,C,T,ENSG00000159307,SCUBE1,syn,p.K412K,.,.,.,47.7,0.96
1-02720,LVO,Yes,Unknown,3,10345809,C,T,ENSG00000157020,SEC13,syn,p.T255T,.,.,1.65E-05,87.3,0.58
1-04554,LVO,No,Unknown,5,134007548,C,T,ENSG00000113615,SEC24A,syn,p.Y263Y,.,.,8.29E-06,61.0,0.0
1-04456,CTD,Yes,Unknown,1,169695922,C,T,ENSG00000007908,SELE,syn,p.L557L,.,.,.,31.0,0.0
1-08820,CTD,Yes,Unknown,3,196612889,T,C,ENSG00000119231,SENP5,syn,p.R279R,.,.,4.13E-05,73.2,1.0
1-05393,LVO,No,No,9,135204045,T,C,ENSG00000107290,SETX,syn,p.S980S,.,.,.,71.6,0.2
1-06498,CTD,Yes,Unknown,17,78188536,C,T,ENSG00000181523,SGSH,syn,p.P128P,-1.058,T,5.87E-05,48.6,0.0
1-00524,HTX,Yes,No,5,148407969,C,T,ENSG00000169247,SH3TC2,syn,p.P442P,.,.,4.99E-05,43.5,0.0
1-02814,LVO,No,No,5,148406733,C,T,ENSG00000169247,SH3TC2,syn,p.R854R,.,.,.,43.5,0.0
1-03544,CTD (TGA),No,No,14,61190781,G,C,ENSG00000100625,SIX4,syn,p.S4S,.,.,.,35.7,0.69
1-05368,LVO,No,Unknown,20,44678357,C,T,ENSG00000124140,SLC12A5,syn,p.G703G,.,.,.,36.0,1.0
1-02932,other,Yes,Yes,10,91198855,G,A,ENSG00000152779,SLC16A12,syn,p.I178I,.,.,6.63E-05,62.2,0.0
1-05258,CTD,No,Yes,17,6941493,C,T,ENSG00000174327,SLC16A13,syn,p.F122F,.,.,8.34E-06,38.9,0.0
1-02050,HTX,No,No,19,47282024,G,A,ENSG00000105281,SLC1A5,syn,p.P322P,.,.,8.31E-06,59.1,0.05
1-00880,CTD,No,Unknown,3,38317884,C,T,ENSG00000172940,SLC22A13,syn,p.L448L,.,.,.,18.7,0.0
1-01798,CTD,No,Unknown,1,43396321,G,T,ENSG00000117394,SLC2A1,syn,p.I164I,.,.,.,98.0,0.94
1-09781,LVO,No,Yes,1,9075183,C,T,ENSG00000197241,SLC2A7,syn,p.A236A,.,.,3.69E-05,0.0,0.0
1-08730,CTD,Yes,Unknown,11,107729485,T,G,ENSG00000110660,SLC35F2,syn,p.A3A,.,.,.,25.9,0.01
1-05104,CTD (TGA),Yes,No,11,92914907,A,G,ENSG00000180773,SLC36A4,syn,p.A135A,.,.,.,39.9,0.0
1-04892,HTX,No,Unknown,16,58712616,G,A,ENSG00000103042,SLC38A7,syn,p.G151G,.,.,8.50E-06,62.9,0.03
1-01018,CTD (TGA),No,No,8,22267502,C,T,ENSG00000104635,SLC39A14,syn,p.A167A,.,.,.,54.9,0.31
1-05440,HTX,Yes,No,12,21349899,T,C,ENSG00000134538,SLCO1B1,syn,p.P249P,.,.,.,11.7,0.0
1-02312,LVO,No,No,12,21032524,C,T,ENSG00000257046,SLCO1B3,syn,p.C430C,.,.,1.65E-05,,
GT04006532,LVO,Yes,No,12,21008006,A,G,ENSG00000257046,SLCO1B3,syn,p.L43L,.,.,.,,
1-07555,CTD (TGA),No,No,8,70667741,G,A,ENSG00000137571,SLCO5A1,syn,p.D392D,.,.,3.30E-05,30.1,0.0
1-09377,CTD,Yes,No,3,164907815,A,G,ENSG00000121871,SLITRK3,syn,p.H268H,.,.,.,24.1,0.6
1-00971,other (AVC),Yes,Unknown,11,93212206,G,A,ENSG00000166002,SMCO4,syn,p.Y50Y,.,.,8.30E-06,53.7,0.0
1-04276,other,No,Unknown,2,130910634,C,T,ENSG00000136699,SMPD4,syn,p.S751S,-0.912,T,5.79E-05,81.8,0.01
1-09228,CTD,No,Yes,5,121758756,G,A,ENSG00000064692,SNCAIP,syn,p.G155G,.,.,.,55.0,0.0
1-04739,CTD,No,No,16,69333674,A,G,ENSG00000168807,SNTB2,syn,p.E509E,.,.,.,44.0,0.04
1-06314,HTX,No,No,15,64411013,A,G,ENSG00000028528,SNX1,syn,p.Q142Q,.,.,.,81.8,0.94
1-00321,CTD,Yes,Yes,17,46196381,A,G,ENSG00000002919,SNX11,syn,p.L124L,.,.,4.12E-05,51.1,0.0
1-02202,CTD (TGA),No,No,7,17890573,G,A,ENSG00000071189,SNX13,syn,p.N284N,.,.,.,67.8,0.99
1-00301,LVO,No,No,5,53814694,C,T,ENSG00000178996,SNX18,syn,p.H304H,.,.,.,70.6,0.15
1-03626,other,Yes,No,1,179310214,C,T,ENSG00000057252,SOAT1,syn,p.T183T,.,.,.,66.5,0.0
1-07255,LVO,No,Unknown,1,118693951,C,T,ENSG00000155761,SPAG17,syn,p.Q43Q,.,.,.,32.8,0.0
1-01118,LVO,No,No,4,88400682,G,T,ENSG00000152583,SPARCL1,syn,p.P497P,.,.,.,89.0,0.0
1-01816,LVO,No,Unknown,4,88411978,T,C,ENSG00000152583,SPARCL1,syn,p.Q323Q,.,.,.,89.0,0.0
1-00804,LVO,No,Yes,9,39887385,T,G,ENSG00000204849,SPATA31A1,syn,p.G138G,.,.,.,0.0,
1-00230,LVO,Yes,No,5,94994393,C,T,ENSG00000145757,SPATA9,syn,p.Q233Q,.,.,.,24.4,0.0
1-08399,other,Yes,No,21,47581575,C,T,ENSG00000160284,SPATC1L,syn,p.L247L,.,.,0,0.0,0.0
1-09377,CTD,Yes,No,13,46287775,C,T,ENSG00000174015,SPERT,syn,p.A205A,.,.,.,11.7,0.0
1-01766,CTD (TGA),No,Unknown,15,44943732,A,G,ENSG00000104133,SPG11,syn,p.P471P,.,.,8.24E-06,56.2,0.0
1-02377,other (AVC),No,Unknown,16,2815302,A,G,ENSG00000167978,SRRM2,syn,p.L1591L,.,.,.,99.4,
1-06155,LVO,No,No,1,44360130,T,C,ENSG00000126091,ST3GAL3,syn,p.P180P,.,.,.,59.1,0.57
1-04742,LVO,Yes,No,17,37819140,C,T,ENSG00000131748,STARD3,syn,p.S439S,.,.,1.67E-05,67.2,0.15
1-05152,CTD (TGA),Yes,Unknown,17,40460233,G,A,ENSG00000126561,STAT5A,syn,p.T648T,.,.,2.47E-05,55.8,1.0
1-00195,other,Yes,No,19,1220645,G,A,ENSG00000118046,STK11,syn,p.P221P,.,.,.,85.3,0.98
1-01130,CTD,No,No,22,44237697,G,T,ENSG00000130540,SULT4A1,syn,p.G95G,.,.,.,24.2,0.97
1-05965,other,No,No,22,39777838,C,T,ENSG00000100321,SYNGR1,syn,p.P207P,.,.,0.0001,70.9,0.58
1-00249,LVO,No,No,15,99670134,A,G,ENSG00000182253,SYNM,syn,g.99670134A>G,.,.,.,58.9,0.0
1-03865,CTD,No,No,11,45265858,C,T,ENSG00000019505,SYT13,syn,p.K198K,.,.,.,27.3,0.22
1-00998,CTD (TGA),No,No,10,46963859,C,T,ENSG00000204176,SYT15,syn,p.V368V,.,.,.,18.2,0.0
1-04719,CTD,Yes,Unknown,19,51128814,G,A,ENSG00000213023,SYT3,syn,p.Y470Y,.,.,0.00003024,22.9,0.23
1-02897,other,No,Yes,1,16721554,C,T,ENSG00000055070,SZRD1,syn,p.P125P,.,.,.,97.4,0.72
1-07555,CTD (TGA),No,No,6,132891628,A,T,ENSG00000146383,TAAR6,syn,p.S56S,.,.,.,0.0,0.15
1-03112,OTHER,No,No,10,123842315,G,A,ENSG00000138162,TACC2,syn,p.P100P,-1.008,T,4.13E-05,89.0,0.0
1-01653,HTX,No,Yes,1,234527377,C,A,ENSG00000059588,TARBP1,syn,p.L1604L,.,.,.,41.1,0.0
1-04324,HTX,No,Yes,7,27833977,G,A,ENSG00000106052,TAX1BP1,syn,p.G482G,.,.,.,90.5,0.0
1-02460,CTD,No,Unknown,5,179303011,G,A,ENSG00000197226,TBC1D9B,syn,p.L603L,.,.,.,82.2,0.0
1-03244,CTD (TGA),No,No,17,80828107,C,A,ENSG00000141556,TBCD,syn,p.A442A,.,.,.,65.1,0.0
1-06699,LVO,No,Yes,16,2025065,C,T,ENSG00000183751,TBL3,syn,p.L201L,.,.,.,71.2,0.0
1-07105,other,No,No,5,145834646,C,T,ENSG00000113649,TCERG1,syn,p.F29F,.,.,.,86.4,1.0
1-05926,HTX,Yes,Unknown,5,167674682,G,A,ENSG00000145934,TENM2,syn,p.L2237L,.,.,.,50.6,1.0
1-05399,CTD,No,No,1,45813601,G,A,ENSG00000070759,TESK2,syn,p.I204I,.,.,.,43.6,0.0
1-07472,LVO,No,Unknown,17,56649429,C,T,ENSG00000121101,TEX14,syn,p.Q1230Q,.,.,.,23.1,0.0
1-09781,LVO,No,Yes,3,63821009,A,T,ENSG00000163634,THOC7,syn,p.V156V,.,.,.,84.4,0.98
1-02672,OTHER,No,No,21,32624107,C,A,ENSG00000156299,TIAM1,syn,p.V454V,.,.,.,62.5,1.0
1-03188,CTD,No,Unknown,5,134785360,C,T,ENSG00000255833,TIFAB,syn,p.T90T,.,.,8.31E-06,31.6,0.0
1-03084,LVO,No,Yes,3,156395783,A,G,ENSG00000163659,TIPARP,syn,p.S99S,.,.,2.47E-05,48.4,1.0
1-06965,CTD,No,No,19,3747863,C,T,ENSG00000105289,TJP3,syn,p.S807S,.,.,.,32.0,0.0
1-07175,Other (AVC),No,No,16,19501789,C,T,ENSG00000103534,TMC5,syn,p.I882I,.,.,0.0002,15.9,0.0
1-05257,CTD,No,No,1,93620266,C,A,ENSG00000117500,TMED5,syn,p.L217L,.,.,.,65.8,0.0
1-01184,HTX,Yes,Unknown,1,43738622,C,T,ENSG00000179178,TMEM125,syn,p.L77L,.,.,.,23.9,0.0
1-08226,other,Yes,No,11,87032372,C,T,ENSG00000166575,TMEM135,syn,p.S458S,.,.,.,66.3,0.88
1-04929,CTD,No,Unknown,19,42827839,T,C,ENSG00000167619,TMEM145,syn,p.A433A,.,.,8.25E-06,19.3,0.0
1-07581,LVO,Yes,Unknown,4,945022,C,T,ENSG00000127419,TMEM175,syn,p.D106D,.,.,8.24E-06,56.0,0.0
1-03897,CTD,No,Unknown,2,669841,C,T,ENSG00000151353,TMEM18,syn,p.S81S,.,.,5.64E-05,47.6,0.05
1-02885,CTD,No,No,9,74315626,A,G,ENSG00000135048,TMEM2,syn,p.P1103P,.,.,.,94.8,0.0
1-02563,HTX,Yes,Unknown,6,130762683,C,G,ENSG00000164484,TMEM200A,syn,p.L372L,.,.,.,22.5,0.84
1-08240,CTD,Yes,No,6,130762503,T,A,ENSG00000164484,TMEM200A,syn,p.A312A,.,.,.,22.5,0.84
1-02939,LVO,No,No,X,102968725,A,G,ENSG00000179363,TMEM31,syn,p.K102K,.,.,.,,
1-00949,CTD,Yes,Unknown,8,56675390,A,G,ENSG00000167904,TMEM68,syn,p.Y43Y,.,.,.,47.4,0.02
1-05419,LVO,No,No,1,205052975,A,G,ENSG00000174529,TMEM81,syn,p.Y158Y,.,.,.,26.3,0.0
1-06550,LVO,No,Unknown,19,55739647,G,A,ENSG00000180089,TMEM86B,syn,p.S70S,.,.,1.77E-05,39.0,0.0
1-06281,LVO,No,Unknown,12,98927055,A,G,ENSG00000120802,TMPO,syn,p.L340L,.,.,.,95.5,0.0
1-04113,CTD (TGA),Yes,Unknown,8,22880243,A,G,ENSG00000120889,TNFRSF10B,syn,p.L393L,.,.,.,58.3,0.0
1-07543,OTHER,Yes,No,1,2493136,C,T,ENSG00000157873,TNFRSF14,syn,p.A192A,.,.,0.0002,25.5,0.82
1-05461,CTD,No,Unknown,3,195595033,C,A,ENSG00000061938,TNK2,syn,p.P775P,.,.,.,71.3,0.0
1-04020,CTD,No,Unknown,6,32038031,C,T,ENSG00000168477,TNXB,syn,p.V1717V,.,.,.,72.1,0.77
1-01244,LVO,No,No,2,1426887,C,T,ENSG00000115705,TPO,syn,p.Y55Y,.,.,5.01E-05,10.3,0.0
GT04007313,LVO,No,No,16,1308109,G,A,ENSG00000095917,TPSD1,syn,p.V190V,.,.,3.37E-05,17.5,0.0
1-01861,CTD (TGA),No,No,3,49878451,C,T,ENSG00000183763,TRAIP,syn,p.K224K,.,.,.,49.5,0.13
1-05678,other,Yes,No,16,3708845,C,T,ENSG00000126602,TRAP1,syn,p.L654L,.,.,.,92.5,0.0
1-00459,other,Yes,Unknown,4,154237136,C,T,ENSG00000109654,TRIM2,syn,p.S589S,.,.,8.71E-06,43.4,0.89
1-02900,other,No,No,11,6478236,T,A,ENSG00000110171,TRIM3,syn,p.T121T,.,.,0.000008464,64.0,0.95
1-02790,other,No,Yes,11,5688930,G,A,ENSG00000132256,TRIM5,syn,p.G252G,-1.014,T,2.47E-05,54.0,0.0
1-04741,HTX,Yes,No,1,248028177,G,A,ENSG00000162722,TRIM58,syn,p.L229L,.,.,.,19.2,0.0
1-09834,CTD,Yes,Unknown,4,189060932,C,T,ENSG00000184108,TRIML1,syn,p.L74L,.,.,.,0.0,0.0
1-01627,other,No,No,16,2136301,C,T,ENSG00000103197,TSC2,syn,p.D1590D,.,.,.,92.9,1.0
1-08693,other (AVC),Yes,Yes,19,50245256,C,G,ENSG00000126467,TSKS,syn,p.T461T,.,.,.,15.2,0.98
GT04007303,LVO,No,Yes,2,47238529,C,T,ENSG00000068724,TTC7A,syn,p.T415T,.,.,0.00005053,37.3,0.0
1-02573,LVO,No,Unknown,14,76286412,C,T,ENSG00000119685,TTLL5,syn,p.T1078T,.,.,.,67.3,0.0
1-02050,HTX,No,No,2,179431077,A,G,ENSG00000155657,TTN,syn,p.L26594L,.,.,.,99.9,0.0
1-04638,LVO,Yes,Unknown,2,179422718,G,A,ENSG00000155657,TTN,syn,p.N29121N,.,.,.,99.9,0.0
1-01430,other,No,No,12,49666983,C,T,ENSG00000167553,TUBA1C,syn,p.D406D,-0.675,T,7.42E-05,99.5,0.84
1-02266,other,No,No,2,132235739,C,T,ENSG00000075886,TUBA3D,syn,p.R2R,.,.,8.30E-06,24.3,0.0
1-08360,CTD,Yes,Unknown,15,22867540,A,G,ENSG00000153575,TUBGCP5,syn,p.Q872Q,.,.,.,56.4,0.0
1-00057,CTD,Yes,Unknown,9,33922820,C,T,ENSG00000137073,UBAP2,syn,p.S1043S,.,.,8.08E-05,94.7,0.99
1-02025,CTD,No,Unknown,9,33912043,C,T,ENSG00000107341,UBE2R2,syn,p.F148F,.,.,.,92.7,0.91
1-00344,CTD (TGA),No,No,8,103357639,G,A,ENSG00000104517,UBR5,syn,p.L291L,.,.,.,90.4,1.0
1-01715,CTD,Yes,No,11,73687989,C,T,ENSG00000175567,UCP2,syn,p.T137T,.,.,1.68E-05,95.2,0.0
1-03298,other,Yes,Unknown,6,96990879,A,G,ENSG00000014123,UFL1,syn,p.Q463Q,.,.,8.29E-05,74.1,0.0
1-00832,CTD,No,No,6,34826614,C,T,ENSG00000065060,UHRF1BP1,syn,p.R827R,.,.,0.0002,68.2,0.0
1-02532,CTD (TGA),Yes,No,12,132403118,G,A,ENSG00000177169,ULK1,syn,p.E801E,.,.,1.92E-05,81.7,0.96
1-06677,LVO,Yes,No,21,43531594,C,T,ENSG00000177398,UMODL1,syn,p.G754G,.,.,1.66E-05,0.0,0.0
1-03925,HTX,No,Yes,14,94044289,G,A,ENSG00000133958,UNC79,syn,p.P594P,.,.,2.47E-05,23.9,1.0
1-02588,LVO,No,Unknown,12,6973079,G,C,ENSG00000111667,USP5,syn,p.T657T,.,.,0.0001,90.1,1.0
1-05264,CTD (TGA),No,Unknown,15,50774157,A,G,ENSG00000138592,USP8,syn,p.K566K,.,.,.,83.5,1.0
1-05515,CTD,No,Yes,2,106761677,G,A,ENSG00000115652,UXS1,syn,p.N142N,.,.,8.30E-06,49.0,0.07
1-05268,other,Yes,Unknown,17,56052224,C,T,ENSG00000136451,VEZF1,syn,p.T392T,.,.,.,83.0,0.94
1-07280,LVO,No,Yes,2,219301256,C,T,ENSG00000127831,VIL1,syn,p.N626N,.,.,.,24.6,0.0
1-01221,LVO,No,Unknown,7,158826927,G,A,ENSG00000106018,VIPR2,syn,p.G316G,.,.,8.36E-06,32.7,0.0
M006-17,HTX,Unknown,Unknown,15,91543765,G,C,ENSG00000184056,VPS33B,syn,p.V512V,.,.,.,46.5,0.0
1-09224,CTD,Yes,Unknown,16,22155693,C,T,ENSG00000175267,VWA3A,syn,p.S906S,.,.,3.32E-05,34.8,0.0
1-03410,CTD,No,No,15,65899653,G,C,ENSG00000138614,VWA9,syn,p.S54S,.,.,.,69.3,0.0
1-01110,CTD,Yes,No,10,50085112,G,A,ENSG00000128815,WDFY4,syn,p.P2345P,-1.075,T,.,28.8,
1-07225,other,No,No,2,63712066,C,G,ENSG00000143951,WDPCP,syn,p.S103S,.,.,.,38.6,0.0
1-06077,HTX,Yes,No,2,128471219,G,C,ENSG00000136709,WDR33,syn,p.P1082P,.,.,.,86.4,1.0
1-05565,LVO,No,Yes,10,1118233,A,G,ENSG00000047056,WDR37,syn,p.Q46Q,.,.,.,70.6,1.0
1-09125,CTD,Yes,Unknown,17,80573867,C,A,ENSG00000141580,WDR45B,syn,p.L321L,.,.,.,83.7,0.64
1-06054,CTD,No,Unknown,3,49050815,A,G,ENSG00000178252,WDR6,syn,p.L646L,.,.,.,92.3,0.0
1-01798,CTD,No,Unknown,1,85587490,A,T,ENSG00000162643,WDR63,syn,p.R658R,.,.,.,21.1,0.0
1-01881,CTD,No,No,4,1952813,G,A,ENSG00000109685,WHSC1,syn,p.P632P,-0.638,T,8.25E-06,89.0,1.0
1-04394,other,No,No,7,5257633,G,A,ENSG00000157954,WIPI2,syn,p.T219T,.,.,8.25E-06,74.9,0.09
1-04058,CTD,No,No,9,96051635,G,T,ENSG00000165238,WNK2,syn,p.S1570S,-0.589,T,.,70.2,0.79
1-04050,CTD,No,Yes,17,25636221,A,G,ENSG00000109046,WSB1,syn,p.A269A,.,.,8.24E-06,89.2,0.92
1-00738,CTD,Yes,Unknown,4,184130127,T,C,ENSG00000151718,WWC2,syn,p.T157T,.,.,7.66E-05,85.0,0.0
1-03763,CTD,No,No,X,52842235,G,A,ENSG00000171405,XAGE5,syn,p.K48K,.,.,4.60E-05,,
1-05151,LVO,No,Unknown,3,39230142,C,T,ENSG00000168334,XIRP1,syn,p.A265A,.,.,4.96E-05,97.6,0.0
1-06937,other,No,No,2,168108198,G,A,ENSG00000163092,XIRP2,syn,p.S3432S,.,.,.,34.8,0.0
1-06345,CTD,Yes,Unknown,X,100169891,T,G,ENSG00000182489,XKRX,syn,p.S262S,.,.,.,26.3,0.0
1-05818,CTD (TGA),No,Unknown,16,28167754,A,G,ENSG00000169180,XPO6,syn,p.C232C,.,.,.,89.6,1.0
1-03338,other (AVC),No,No,2,217024881,C,T,ENSG00000079246,XRCC5,syn,p.T587T,.,.,.,60.4,1.0
1-01149,OTHER,No,No,7,100373158,C,T,ENSG00000146839,ZAN,syn,p.T1996M,.,.,0.0000499,,
1-01805,CTD,Yes,No,20,62407031,G,A,ENSG00000130584,ZBTB46,syn,p.L408L,.,.,1.83E-05,39.4,0.81
1-02189,LVO,Yes,No,10,99213570,C,T,ENSG00000171307,ZDHHC16,syn,p.L235L,-0.889,T,3.30E-05,69.8,0.02
1-06674,CTD,No,No,16,72821483,G,A,ENSG00000140836,ZFHX3,syn,p.N3564N,.,.,8.24E-06,80.8,1.0
1-02212,CTD (TGA),No,Yes,5,180277061,C,T,ENSG00000196670,ZFP62,syn,p.K445K,.,.,0,51.3,0.12
1-05491,LVO,No,No,11,64854020,C,T,ENSG00000162300,ZFPL1,syn,p.S116S,.,.,8.24E-06,61.4,0.65
1-00907,CTD,No,Unknown,14,73437602,G,A,ENSG00000165861,ZFYVE1,syn,p.P774P,.,.,4.14E-05,69.8,0.95
1-11313,CTD,Yes,No,19,35232801,C,T,ENSG00000197841,ZNF181,syn,p.T504T,.,.,0.00004137,,
1-02777,other,No,No,14,21560160,C,T,ENSG00000165804,ZNF219,syn,p.V432V,.,.,.,80.0,0.99
1-02752,LVO,No,Unknown,3,44491997,A,G,ENSG00000185219,ZNF445,syn,p.A254A,.,.,.,79.5,1.0
1-04215,other,Yes,Yes,19,9578006,T,C,ENSG00000198028,ZNF560,syn,p.T539T,.,.,.,,
1-00844,OTHER,No,No,19,2917489,T,G,ENSG00000171970,ZNF57,syn,p.T290T,.,.,.,,
1-02823, CTD (TGA),Yes,Unknown,8,144773266,G,A,ENSG00000181135,ZNF707,syn,p.V13V,.,.,.,47.2,0.01
1-09567,CTD (TGA),Yes,Unknown,1,238053472,G,A,ENSG00000116996,ZP4,syn,p.N60N,.,.,8.25E-06,,
1-01076,other (AVC),Yes,No,15,85164635,A,G,ENSG00000176371,ZSCAN2,syn,p.S403S,.,.,1.65E-05,44.5,0.02
