"Gene"	"Gene synonym"	"Ensembl"	"Gene description"	"Uniprot"	"RNA tissue specificity"	"RNA tissue distribution"	"RNA tissue specificity score"	"RNA cell line specificity"	"RNA cell line distribution"
"ACACA"	"ACAC, ACC, ACC1"	"ENSG00000278540"	"Acetyl-CoA carboxylase alpha"	"Q13085"	"Low tissue specificity"	"Detected in all"	NA	"Low cell line specificity"	"Detected in all"
"ACTL6A"	"Actl6, Arp4, BAF53A, INO80K"	"ENSG00000136518"	"Actin like 6A"	"O96019"	"Low tissue specificity"	"Detected in all"	NA	"Low cell line specificity"	"Detected in all"
"ADNP2"	"KIAA0863, ZNF508"	"ENSG00000101544"	"ADNP homeobox 2"	"Q6IQ32"	"Low tissue specificity"	"Detected in all"	NA	"Low cell line specificity"	"Detected in many"
"AHCTF1"	"ELYS"	"ENSG00000153207"	"AT-hook containing transcription factor 1"	"Q8WYP5"	"Low tissue specificity"	"Detected in all"	NA	"Low cell line specificity"	"Detected in all"
"AKAP8L"	"HAP95, NAKAP95"	"ENSG00000011243"	"A-kinase anchoring protein 8 like"	"Q9ULX6"	"Low tissue specificity"	"Detected in all"	NA	"Low cell line specificity"	"Detected in all"
"ALYREF"	"ALY, ALY/REF, BEF, REF, THOC4"	"ENSG00000183684"	"Aly/REF export factor"	NA	"Low tissue specificity"	"Detected in all"	NA	"Low cell line specificity"	"Detected in all"
"ARID1A"	"B120, BAF250, BAF250a, C10rf4, C1orf4, P270, SMARCF1"	"ENSG00000117713"	"AT-rich interaction domain 1A"	"O14497"	"Low tissue specificity"	"Detected in all"	NA	"Low cell line specificity"	"Detected in all"
"ARID3A"	"BRIGHT, DRIL1"	"ENSG00000116017"	"AT-rich interaction domain 3A"	"Q99856"	"Tissue enhanced"	"Detected in all"	NA	"Cell line enhanced"	"Detected in many"
"ARID3B"	"BDP, DRIL2"	"ENSG00000179361"	"AT-rich interaction domain 3B"	"Q8IVW6"	"Low tissue specificity"	"Detected in all"	NA	"Cell line enhanced"	"Detected in many"
"ARPC2"	"ARC34, p34-Arc"	"ENSG00000163466"	"Actin related protein 2/3 complex subunit 2"	"O15144"	"Low tissue specificity"	"Detected in all"	NA	"Low cell line specificity"	"Detected in all"
"BAZ1B"	"WBSCR10, WBSCR9, WSTF"	"ENSG00000009954"	"Bromodomain adjacent to zinc finger domain 1B"	"Q9UIG0"	"Low tissue specificity"	"Detected in all"	NA	"Low cell line specificity"	"Detected in all"
"BAZ2A"	"KIAA0314, TIP5, WALp3"	"ENSG00000076108"	"Bromodomain adjacent to zinc finger domain 2A"	"Q9UIF9"	"Low tissue specificity"	"Detected in all"	NA	"Low cell line specificity"	"Detected in all"
"BAZ2B"	"WALp4"	"ENSG00000123636"	"Bromodomain adjacent to zinc finger domain 2B"	"Q9UIF8"	"Low tissue specificity"	"Detected in all"	NA	"Low cell line specificity"	"Detected in many"
"BCL7A"	"BCL7"	"ENSG00000110987"	"BCL tumor suppressor 7A"	"Q4VC05"	"Low tissue specificity"	"Detected in all"	NA	"Cell line enhanced"	"Detected in many"
"BCLAF1"	"BTF, KIAA0164"	"ENSG00000029363"	"BCL2 associated transcription factor 1"	"Q9NYF8"	"Low tissue specificity"	"Detected in all"	NA	"Low cell line specificity"	"Detected in all"
"BEND3"	"KIAA1553"	"ENSG00000178409"	"BEN domain containing 3"	"Q5T5X7"	"Tissue enhanced"	"Detected in many"	NA	"Low cell line specificity"	"Detected in all"
"BPTF"	"FAC1, FALZ, NURF301"	"ENSG00000171634"	"Bromodomain PHD finger transcription factor"	"Q12830"	"Low tissue specificity"	"Detected in all"	NA	"Low cell line specificity"	"Detected in all"
"BRD4"	"CAP, HUNK1, HUNKI, MCAP"	"ENSG00000141867"	"Bromodomain containing 4"	"O60885"	"Low tissue specificity"	"Detected in all"	NA	"Low cell line specificity"	"Detected in all"
"BRD9"	"FLJ13441"	"ENSG00000028310"	"Bromodomain containing 9"	"Q9H8M2"	"Low tissue specificity"	"Detected in all"	NA	"Cell line enhanced"	"Detected in all"
"CALR"	"cC1qR, CRT, FLJ26680, RO, SSA"	"ENSG00000179218"	"Calreticulin"	"P27797"	"Low tissue specificity"	"Detected in all"	NA	"Low cell line specificity"	"Detected in all"
"CDC42BPA"	"FLJ23347, KIAA0451, MRCK, MRCKA, PK428"	"ENSG00000143776"	"CDC42 binding protein kinase alpha"	"Q5VT25"	"Low tissue specificity"	"Detected in all"	NA	"Low cell line specificity"	"Detected in many"
"CDK1"	"CDC2, CDC28A"	"ENSG00000170312"	"Cyclin dependent kinase 1"	"P06493"	"Tissue enriched"	"Detected in many"	5	"Low cell line specificity"	"Detected in many"
"CEP120"	"CCDC100, FLJ36090"	"ENSG00000168944"	"Centrosomal protein 120"	"Q8N960"	"Low tissue specificity"	"Detected in all"	NA	"Low cell line specificity"	"Detected in all"
"CHD1"	NA	"ENSG00000153922"	"Chromodomain helicase DNA binding protein 1"	"O14646"	"Tissue enhanced"	"Detected in all"	NA	"Low cell line specificity"	"Detected in all"
"CHD4"	"Mi-2b, Mi2-BETA"	"ENSG00000111642"	"Chromodomain helicase DNA binding protein 4"	"Q14839"	"Low tissue specificity"	"Detected in all"	NA	"Low cell line specificity"	"Detected in all"
"CHD7"	"CRG, FLJ20357, FLJ20361, KIAA1416"	"ENSG00000171316"	"Chromodomain helicase DNA binding protein 7"	"Q9P2D1"	"Tissue enhanced"	"Detected in all"	NA	"Cell line enhanced"	"Detected in many"
"CHMP1A"	"CHMP1, KIAA0047, PCOLN3, PRSM1, Vps46A"	"ENSG00000131165"	"Charged multivesicular body protein 1A"	"Q9HD42"	"Low tissue specificity"	"Detected in all"	NA	"Low cell line specificity"	"Detected in all"
"CHMP4A"	"C14orf123, HSPC134, VPS32A"	"ENSG00000254505"	"Charged multivesicular body protein 4A"	"Q9BY43"	"Low tissue specificity"	"Detected in all"	NA	"Low cell line specificity"	"Detected in all"
"CHMP4B"	"C20orf178, dJ553F4.4, Shax1, SNF7-2, VPS32B"	"ENSG00000101421"	"Charged multivesicular body protein 4B"	"Q9H444"	"Low tissue specificity"	"Detected in all"	NA	"Low cell line specificity"	"Detected in all"
"CHMP5"	"C9orf83, CGI-34, HSPC177, SNF7DC2, Vps60"	"ENSG00000086065"	"Charged multivesicular body protein 5"	"Q9NZZ3"	"Low tissue specificity"	"Detected in all"	NA	"Low cell line specificity"	"Detected in all"
"CHMP6"	"FLJ11749, VPS20"	"ENSG00000176108"	"Charged multivesicular body protein 6"	"Q96FZ7"	"Low tissue specificity"	"Detected in all"	NA	"Low cell line specificity"	"Detected in all"
"CHTOP"	"C1orf77, DKFZP547E1010, FOP, SRAG"	"ENSG00000160679"	"Chromatin target of PRMT1"	"Q9Y3Y2"	"Low tissue specificity"	"Detected in all"	NA	"Low cell line specificity"	"Detected in all"
"COP1"	"FLJ10416, RFWD2, RNF200"	"ENSG00000143207"	"COP1, E3 ubiquitin ligase"	"Q8NHY2"	"Low tissue specificity"	"Detected in all"	NA	"Low cell line specificity"	"Detected in many"
"CPSF4"	"CPSF30, NAR"	"ENSG00000160917"	"Cleavage and polyadenylation specific factor 4"	"O95639"	"Low tissue specificity"	"Detected in all"	NA	"Low cell line specificity"	"Detected in all"
"CSNK2A1"	"Cka1, Cka2"	"ENSG00000101266"	"Casein kinase 2 alpha 1"	"P68400"	"Low tissue specificity"	"Detected in all"	NA	"Low cell line specificity"	"Detected in all"
"CSNK2A2"	"CK2alpha', CSNK2A1"	"ENSG00000070770"	"Casein kinase 2 alpha 2"	"P19784"	"Low tissue specificity"	"Detected in all"	NA	"Low cell line specificity"	"Detected in all"
"CTBP2"	"ribeye"	"ENSG00000175029"	"C-terminal binding protein 2"	"P56545"	"Low tissue specificity"	"Detected in all"	NA	"Low cell line specificity"	"Detected in many"
"CUL4A"	NA	"ENSG00000139842"	"Cullin 4A"	"Q13619"	"Low tissue specificity"	"Detected in all"	NA	"Low cell line specificity"	"Detected in all"
"DHX15"	"DBP1, DDX15, HRH2, PRP43, PRPF43, PrPp43p"	"ENSG00000109606"	"DEAH-box helicase 15"	"O43143"	"Low tissue specificity"	"Detected in all"	NA	"Low cell line specificity"	"Detected in all"
"DLGAP5"	"DLG1, DLG7, HURP, KIAA0008"	"ENSG00000126787"	"DLG associated protein 5"	"Q15398"	"Tissue enriched"	"Detected in many"	4	"Low cell line specificity"	"Detected in many"
"DNAJA1"	"dj-2, hdj-2, HSJ2, HSPF4, NEDD7"	"ENSG00000086061"	"DnaJ heat shock protein family (Hsp40) member A1"	"P31689"	"Tissue enhanced"	"Detected in all"	NA	"Low cell line specificity"	"Detected in all"
"DNAJA2"	"CPR3, DNAJ, DNJ3, HIRIP4"	"ENSG00000069345"	"DnaJ heat shock protein family (Hsp40) member A2"	"O60884"	"Low tissue specificity"	"Detected in all"	NA	"Low cell line specificity"	"Detected in all"
"DNAJB1"	"Hsp40, HSPF1, RSPH16B, Sis1"	"ENSG00000132002"	"DnaJ heat shock protein family (Hsp40) member B1"	"P25685"	"Tissue enhanced"	"Detected in all"	NA	"Cell line enhanced"	"Detected in all"
"DNAJB6"	"LGMD1D, MRJ"	"ENSG00000105993"	"DnaJ heat shock protein family (Hsp40) member B6"	"O75190"	"Low tissue specificity"	"Detected in all"	NA	"Low cell line specificity"	"Detected in all"
"DNMT3A"	NA	"ENSG00000119772"	"DNA methyltransferase 3 alpha"	"Q9Y6K1"	"Low tissue specificity"	"Detected in all"	NA	"Cell line enhanced"	"Detected in many"
"DNMT3B"	NA	"ENSG00000088305"	"DNA methyltransferase 3 beta"	"Q9UBC3"	"Tissue enhanced"	"Detected in many"	NA	"Cell line enhanced"	"Detected in many"
"DPF2"	"BAF45d, REQ, ubi-d4"	"ENSG00000133884"	"Double PHD fingers 2"	"Q92785"	"Low tissue specificity"	"Detected in all"	NA	"Low cell line specificity"	"Detected in all"
"EDF1"	"CFAP280, EDF-1"	"ENSG00000107223"	"Endothelial differentiation related factor 1"	"O60869"	"Low tissue specificity"	"Detected in all"	NA	"Low cell line specificity"	"Detected in all"
"EED"	"HEED, WAIT-1"	"ENSG00000074266"	"Embryonic ectoderm development"	"O75530"	"Low tissue specificity"	"Detected in all"	NA	"Low cell line specificity"	"Detected in all"
"EHMT2"	"BAT8, C6orf30, Em:AF134726.3, G9A, KMT1C, NG36/G9a"	"ENSG00000204371"	"Euchromatic histone lysine methyltransferase 2"	"Q96KQ7"	"Low tissue specificity"	"Detected in all"	NA	"Cell line enhanced"	"Detected in many"
"ELOC"	"SIII, TCEB1"	"ENSG00000154582"	"Elongin C"	"Q15369"	"Low tissue specificity"	"Detected in all"	NA	"Low cell line specificity"	"Detected in all"
"EP300"	"KAT3B, p300"	"ENSG00000100393"	"E1A binding protein p300"	"Q09472"	"Low tissue specificity"	"Detected in all"	NA	"Low cell line specificity"	"Detected in all"
"ESCO2"	"EFO2, RBS"	"ENSG00000171320"	"Establishment of sister chromatid cohesion N-acetyltransferase 2"	"Q56NI9"	"Group enriched"	"Detected in many"	4	"Low cell line specificity"	"Detected in many"
"ESRRG"	"NR3B3"	"ENSG00000196482"	"Estrogen related receptor gamma"	"P62508"	"Tissue enhanced"	"Detected in many"	NA	"Group enriched"	"Detected in some"
"EWSR1"	"EWS"	"ENSG00000182944"	"EWS RNA binding protein 1"	"Q01844"	"Low tissue specificity"	"Detected in all"	NA	"Low cell line specificity"	"Detected in all"
"FLOT1"	NA	"ENSG00000137312"	"Flotillin 1"	"O75955"	"Low tissue specificity"	"Detected in all"	NA	"Low cell line specificity"	"Detected in all"
"FLOT2"	"ECS-1, ECS1, ESA, ESA1, M17S1"	"ENSG00000132589"	"Flotillin 2"	"Q14254"	"Low tissue specificity"	"Detected in all"	NA	"Low cell line specificity"	"Detected in all"
"FXR2"	"FMR1L2"	"ENSG00000129245"	"FMR1 autosomal homolog 2"	"P51116"	"Tissue enhanced"	"Detected in all"	NA	"Low cell line specificity"	"Detected in many"
"FYTTD1"	"DKFZp761B1514, UIF"	"ENSG00000122068"	"Forty-two-three domain containing 1"	"Q96QD9"	"Tissue enhanced"	"Detected in all"	NA	"Low cell line specificity"	"Detected in all"
"GATA4"	NA	"ENSG00000136574"	"GATA binding protein 4"	"P43694"	"Tissue enhanced"	"Detected in some"	NA	"Group enriched"	"Detected in some"
"GATA6"	NA	"ENSG00000141448"	"GATA binding protein 6"	"Q92908"	"Tissue enhanced"	"Detected in many"	NA	"Group enriched"	"Detected in many"
"GATAD1"	"FLJ22489, ODAG, RG083M05.2"	"ENSG00000157259"	"GATA zinc finger domain containing 1"	"Q8WUU5"	"Low tissue specificity"	"Detected in all"	NA	"Low cell line specificity"	"Detected in all"
"GATAD2A"	"p66alpha"	"ENSG00000167491"	"GATA zinc finger domain containing 2A"	"Q86YP4"	"Low tissue specificity"	"Detected in all"	NA	"Low cell line specificity"	"Detected in all"
"GLYR1"	"BM045, HIBDL, N-PAC, NP60"	"ENSG00000140632"	"Glyoxylate reductase 1 homolog"	"Q49A26"	"Low tissue specificity"	"Detected in all"	NA	"Low cell line specificity"	"Detected in all"
"GPS2"	NA	"ENSG00000132522"	"G protein pathway suppressor 2"	"Q13227"	"Low tissue specificity"	"Detected in all"	NA	"Low cell line specificity"	"Detected in all"
"GRAMD1A"	"FLJ90346, KIAA1533"	"ENSG00000089351"	"GRAM domain containing 1A"	"Q96CP6"	"Low tissue specificity"	"Detected in all"	NA	"Cell line enhanced"	"Detected in all"
"GTF2F1"	"BTF4, RAP74, TF2F1, TFIIF"	"ENSG00000125651"	"General transcription factor IIF subunit 1"	"P35269"	"Low tissue specificity"	"Detected in all"	NA	"Low cell line specificity"	"Detected in all"
"GTF3C1"	"TFIIIC220"	"ENSG00000077235"	"General transcription factor IIIC subunit 1"	"Q12789"	"Low tissue specificity"	"Detected in all"	NA	"Low cell line specificity"	"Detected in all"
"HCFC1"	"CFF, HCF-1, HCF1, HFC1, MGC70925, MRX3, PPP1R89, VCAF"	"ENSG00000172534"	"Host cell factor C1"	"P51610"	"Low tissue specificity"	"Detected in all"	NA	"Low cell line specificity"	"Detected in all"
"HDAC1"	"GON-10, HD1, RPD3L1"	"ENSG00000116478"	"Histone deacetylase 1"	"Q13547"	"Low tissue specificity"	"Detected in all"	NA	"Low cell line specificity"	"Detected in all"
"HDAC2"	"RPD3, YAF1"	"ENSG00000196591"	"Histone deacetylase 2"	"Q92769"	"Low tissue specificity"	"Detected in all"	NA	"Low cell line specificity"	"Detected in all"
"HDAC3"	"HD3, RPD3, RPD3-2"	"ENSG00000171720"	"Histone deacetylase 3"	"O15379"	"Low tissue specificity"	"Detected in all"	NA	"Low cell line specificity"	"Detected in all"
"HMGB1"	"DKFZp686A04236, HMG1, HMG3, SBP-1"	"ENSG00000189403"	"High mobility group box 1"	"P09429"	"Low tissue specificity"	"Detected in all"	NA	"Low cell line specificity"	"Detected in all"
"HMGN1"	"FLJ27265, FLJ31471, HMG14, MGC104230, MGC117425"	"ENSG00000205581"	"High mobility group nucleosome binding domain 1"	"P05114"	"Low tissue specificity"	"Detected in all"	NA	"Low cell line specificity"	"Detected in all"
"HNRNPA2B1"	"HNRPA2B1"	"ENSG00000122566"	"Heterogeneous nuclear ribonucleoprotein A2/B1"	"P22626"	"Low tissue specificity"	"Detected in all"	NA	"Low cell line specificity"	"Detected in all"
"HNRNPA3"	"HNRPA3"	"ENSG00000170144"	"Heterogeneous nuclear ribonucleoprotein A3"	"P51991"	"Low tissue specificity"	"Detected in all"	NA	"Low cell line specificity"	"Detected in all"
"HNRNPF"	"HNRPF"	"ENSG00000169813"	"Heterogeneous nuclear ribonucleoprotein F"	"P52597"	"Low tissue specificity"	"Detected in all"	NA	"Low cell line specificity"	"Detected in all"
"HNRNPH1"	"hnRNPH, HNRPH1"	"ENSG00000169045"	"Heterogeneous nuclear ribonucleoprotein H1"	"P31943"	"Low tissue specificity"	"Detected in all"	NA	"Low cell line specificity"	"Detected in all"
"HNRNPH2"	"FTP3, hnRNPH', HNRPH', HNRPH2"	"ENSG00000126945"	"Heterogeneous nuclear ribonucleoprotein H2"	"P55795"	"Low tissue specificity"	"Detected in all"	NA	"Low cell line specificity"	"Detected in all"
"HNRNPH3"	"2H9, HNRPH3"	"ENSG00000096746"	"Heterogeneous nuclear ribonucleoprotein H3"	"P31942"	"Low tissue specificity"	"Detected in all"	NA	"Low cell line specificity"	"Detected in all"
"HNRNPR"	"hnRNP-R, HNRPR"	"ENSG00000125944"	"Heterogeneous nuclear ribonucleoprotein R"	"O43390"	"Low tissue specificity"	"Detected in all"	NA	"Low cell line specificity"	"Detected in all"
"HNRNPUL2"	"DKFZp762N1910, HNRPUL2"	"ENSG00000214753"	"Heterogeneous nuclear ribonucleoprotein U like 2"	"Q1KMD3"	"Low tissue specificity"	"Detected in all"	NA	"Low cell line specificity"	"Detected in all"
"HSP90AA1"	"FLJ31884, Hsp89, Hsp90, HSP90N, HSPC1, HSPCA"	"ENSG00000080824"	"Heat shock protein 90 alpha family class A member 1"	"P07900"	"Tissue enhanced"	"Detected in all"	NA	"Low cell line specificity"	"Detected in all"
"HSPA8"	"HSC70, HSC71, HSP73, HSPA10"	"ENSG00000109971"	"Heat shock protein family A (Hsp70) member 8"	"P11142"	"Low tissue specificity"	"Detected in all"	NA	"Low cell line specificity"	"Detected in all"
"HSPA9"	"GRP75, HSPA9B, mot-2, mthsp75, PBP74"	"ENSG00000113013"	"Heat shock protein family A (Hsp70) member 9"	"P38646"	"Low tissue specificity"	"Detected in all"	NA	"Low cell line specificity"	"Detected in all"
"HSPB1"	"CMT2F, Hs.76067, Hsp25, HSP27, HSP28"	"ENSG00000106211"	"Heat shock protein family B (small) member 1"	"P04792"	"Tissue enhanced"	"Detected in all"	NA	"Cell line enhanced"	"Detected in many"
"IGF2BP2"	"IMP-2"	"ENSG00000073792"	"Insulin like growth factor 2 mRNA binding protein 2"	"Q9Y6M1"	"Tissue enhanced"	"Detected in all"	NA	"Cell line enhanced"	"Detected in many"
"IK"	"RED, RER"	"ENSG00000113141"	"IK cytokine"	"Q13123"	"Low tissue specificity"	"Detected in all"	NA	"Low cell line specificity"	"Detected in all"
"ILF2"	"NF45"	"ENSG00000143621"	"Interleukin enhancer binding factor 2"	"Q12905"	"Low tissue specificity"	"Detected in all"	NA	"Low cell line specificity"	"Detected in all"
"ILF3"	"DRBP76, MPHOSPH4, MPP4, NF90, NFAR-1"	"ENSG00000129351"	"Interleukin enhancer binding factor 3"	"Q12906"	"Low tissue specificity"	"Detected in all"	NA	"Low cell line specificity"	"Detected in all"
"ING3"	"Eaf4, FLJ20089, MEAF4, p47ING3"	"ENSG00000071243"	"Inhibitor of growth family member 3"	"Q9NXR8"	"Tissue enhanced"	"Detected in all"	NA	"Low cell line specificity"	"Detected in all"
"INTS10"	"C8orf35, FLJ10569, INT10"	"ENSG00000104613"	"Integrator complex subunit 10"	"Q9NVR2"	"Low tissue specificity"	"Detected in all"	NA	"Low cell line specificity"	"Detected in all"
"INTS13"	"ASUN, C12orf11, FLJ10637, Mat89Bb, NET48, SPATA30"	"ENSG00000064102"	"Integrator complex subunit 13"	"Q9NVM9"	"Low tissue specificity"	"Detected in all"	NA	"Low cell line specificity"	"Detected in all"
"INTS14"	"C15orf44, DKFZP564O1664, VWA9"	"ENSG00000138614"	"Integrator complex subunit 14"	"Q96SY0"	"Low tissue specificity"	"Detected in all"	NA	"Low cell line specificity"	"Detected in all"
"KAT7"	"HBO1, HBOA, MYST2, ZC2HC7"	"ENSG00000136504"	"Lysine acetyltransferase 7"	"O95251"	"Low tissue specificity"	"Detected in all"	NA	"Low cell line specificity"	"Detected in all"
"KDM1A"	"AOF2, BHC110, KDM1, KIAA0601, LSD1"	"ENSG00000004487"	"Lysine demethylase 1A"	"O60341"	"Low tissue specificity"	"Detected in all"	NA	"Low cell line specificity"	"Detected in all"
"KDM5D"	"HY, HYA, JARID1D, KIAA0234, SMCY"	"ENSG00000012817"	"Lysine demethylase 5D"	"Q9BY66"	"Low tissue specificity"	"Detected in many"	NA	"Cell line enhanced"	"Detected in many"
"KIF20B"	"CT90, KRMP1, MPHOSPH1, MPP1"	"ENSG00000138182"	"Kinesin family member 20B"	"Q96Q89"	"Tissue enhanced"	"Detected in all"	NA	"Low cell line specificity"	"Detected in many"
"KMT2A"	"ALL-1, CXXC7, HRX, HTRX1, MLL, MLL1A, TRX1"	"ENSG00000118058"	"Lysine methyltransferase 2A"	"Q03164"	"Low tissue specificity"	"Detected in all"	NA	"Low cell line specificity"	"Detected in all"
"KPNA6"	"FLJ11249, IPOA7, KPNA7, MGC17918"	"ENSG00000025800"	"Karyopherin subunit alpha 6"	"O60684"	"Low tissue specificity"	"Detected in all"	NA	"Low cell line specificity"	"Detected in all"
"LCORL"	"FLJ30696, MLR1"	"ENSG00000178177"	"Ligand dependent nuclear receptor corepressor like"	"Q8N3X6"	"Low tissue specificity"	"Detected in all"	NA	"Low cell line specificity"	"Detected in all"
"LIMD2"	"MGC10986"	"ENSG00000136490"	"LIM domain containing 2"	"Q9BT23"	"Group enriched"	"Detected in many"	5	"Cell line enhanced"	"Detected in many"
"LIN9"	"TGS"	"ENSG00000183814"	"Lin-9 DREAM MuvB core complex component"	"Q5TKA1"	"Low tissue specificity"	"Detected in all"	NA	"Low cell line specificity"	"Detected in many"
"LUC7L2"	"CGI-59, CGI-74, FLJ10657, H_NH0792N18.3, hLuc7B2, LUC7B2"	"ENSG00000146963"	"LUC7 like 2, pre-mRNA splicing factor"	"Q9Y383"	"Low tissue specificity"	"Detected in all"	NA	"Low cell line specificity"	"Detected in all"
"MAB21L2"	NA	"ENSG00000181541"	"Mab-21 like 2"	"Q9Y586"	"Tissue enhanced"	"Detected in some"	NA	"Group enriched"	"Detected in some"
"MAD2L2"	"FANCV, MAD2B, POLZ2, REV7"	"ENSG00000116670"	"Mitotic arrest deficient 2 like 2"	"Q9UI95"	"Low tissue specificity"	"Detected in all"	NA	"Low cell line specificity"	"Detected in all"
"MAGOHB"	"FLJ10292, MGN2"	"ENSG00000111196"	"Mago homolog B, exon junction complex core component"	"Q96A72"	"Low tissue specificity"	"Detected in all"	NA	"Low cell line specificity"	"Detected in all"
"MBD3"	NA	"ENSG00000071655"	"Methyl-CpG binding domain protein 3"	"O95983"	"Low tissue specificity"	"Detected in all"	NA	"Low cell line specificity"	"Detected in all"
"MED31"	"CGI-125, Soh1"	"ENSG00000108590"	"Mediator complex subunit 31"	"Q9Y3C7"	"Low tissue specificity"	"Detected in all"	NA	"Low cell line specificity"	"Detected in all"
"MEIS1"	NA	"ENSG00000143995"	"Meis homeobox 1"	"O00470"	"Low tissue specificity"	"Detected in all"	NA	"Cell line enhanced"	"Detected in many"
"MKNK1"	"MNK1"	"ENSG00000079277"	"MAP kinase interacting serine/threonine kinase 1"	"Q9BUB5"	"Tissue enhanced"	"Detected in all"	NA	"Low cell line specificity"	"Detected in many"
"MLF2"	"NTN4"	"ENSG00000089693"	"Myeloid leukemia factor 2"	"Q15773"	"Low tissue specificity"	"Detected in all"	NA	"Low cell line specificity"	"Detected in all"
"MORC3"	"KIAA0136, NXP2, ZCW5, ZCWCC3"	"ENSG00000159256"	"MORC family CW-type zinc finger 3"	"Q14149"	"Low tissue specificity"	"Detected in all"	NA	"Low cell line specificity"	"Detected in all"
"MPND"	"FLJ14981"	"ENSG00000008382"	"MPN domain containing"	"Q8N594"	"Low tissue specificity"	"Detected in all"	NA	"Low cell line specificity"	"Detected in all"
"MSH2"	"COCA1, HNPCC, HNPCC1"	"ENSG00000095002"	"MutS homolog 2"	"P43246"	"Low tissue specificity"	"Detected in all"	NA	"Low cell line specificity"	"Detected in all"
"MSH6"	"GTBP"	"ENSG00000116062"	"MutS homolog 6"	"P52701"	"Low tissue specificity"	"Detected in all"	NA	"Low cell line specificity"	"Detected in all"
"MSL2"	"FLJ10546, KIAA1585, msl-2, MSL2L1, RNF184"	"ENSG00000174579"	"MSL complex subunit 2"	"Q9HCI7"	"Low tissue specificity"	"Detected in all"	NA	"Low cell line specificity"	"Detected in all"
"MTA1"	NA	"ENSG00000182979"	"Metastasis associated 1"	"Q13330"	"Low tissue specificity"	"Detected in all"	NA	"Low cell line specificity"	"Detected in all"
"MTA2"	"MTA1-L1, MTA1L1"	"ENSG00000149480"	"Metastasis associated 1 family member 2"	"O94776"	"Low tissue specificity"	"Detected in all"	NA	"Low cell line specificity"	"Detected in all"
"MTA3"	"KIAA1266"	"ENSG00000057935"	"Metastasis associated 1 family member 3"	"Q9BTC8"	"Tissue enhanced"	"Detected in all"	NA	"Low cell line specificity"	"Detected in many"
"NBN"	"AT-V1, AT-V2, ATV, NBS, NBS1"	"ENSG00000104320"	"Nibrin"	"O60934"	"Low tissue specificity"	"Detected in all"	NA	"Cell line enhanced"	"Detected in all"
"NCOR1"	"hCIT529I10, hN-CoR, KIAA1047, MGC104216, N-CoR, PPP1R109, TRAC1"	"ENSG00000141027"	"Nuclear receptor corepressor 1"	"O75376"	"Low tissue specificity"	"Detected in all"	NA	"Low cell line specificity"	"Detected in all"
"NCOR2"	"CTG26, SMRT, SMRTE, TNRC14, TRAC-1"	"ENSG00000196498"	"Nuclear receptor corepressor 2"	"Q9Y618"	"Low tissue specificity"	"Detected in all"	NA	"Low cell line specificity"	"Detected in all"
"NDE1"	"FLJ20101, NDE, nudE"	"ENSG00000072864"	"NudE neurodevelopment protein 1"	"Q9NXR1"	"Low tissue specificity"	"Detected in all"	NA	"Low cell line specificity"	"Detected in all"
"NDEL1"	"MITAP1, NDE1L1, NDE2, NUDEL"	"ENSG00000166579"	"NudE neurodevelopment protein 1 like 1"	"Q9GZM8"	"Low tissue specificity"	"Detected in all"	NA	"Low cell line specificity"	"Detected in all"
"NUP160"	"FLJ22583, KIAA0197"	"ENSG00000030066"	"Nucleoporin 160"	"Q12769"	"Low tissue specificity"	"Detected in all"	NA	"Low cell line specificity"	"Detected in all"
"NUP35"	"MP44"	"ENSG00000163002"	"Nucleoporin 35"	"Q8NFH5"	"Low tissue specificity"	"Detected in all"	NA	"Low cell line specificity"	"Detected in all"
"NUP54"	NA	"ENSG00000138750"	"Nucleoporin 54"	"Q7Z3B4"	"Low tissue specificity"	"Detected in all"	NA	"Low cell line specificity"	"Detected in all"
"NUP58"	"KIAA0410, NUP45, NUPL1"	"ENSG00000139496"	"Nucleoporin 58"	"Q9BVL2"	"Low tissue specificity"	"Detected in all"	NA	"Low cell line specificity"	"Detected in all"
"NUP62"	"DKFZp547L134, FLJ20822, FLJ43869, IBSN, MGC841, p62, SNDI"	"ENSG00000213024"	"Nucleoporin 62"	"P37198"	"Low tissue specificity"	"Detected in all"	NA	"Low cell line specificity"	"Detected in all"
"NUP88"	"MGC8530"	"ENSG00000108559"	"Nucleoporin 88"	"Q99567"	"Low tissue specificity"	"Detected in all"	NA	"Low cell line specificity"	"Detected in all"
"NUP98"	"NUP96"	"ENSG00000110713"	"Nucleoporin 98"	"P52948"	"Low tissue specificity"	"Detected in all"	NA	"Low cell line specificity"	"Detected in all"
"NUSAP1"	"ANKT, BM037, FLJ13421, LNP, NuSAP1, PRO0310p1, Q0310, SAPL"	"ENSG00000137804"	"Nucleolar and spindle associated protein 1"	"Q9BXS6"	"Group enriched"	"Detected in many"	5	"Low cell line specificity"	"Detected in many"
"NVL"	"NVL2"	"ENSG00000143748"	"Nuclear VCP-like"	"O15381"	"Low tissue specificity"	"Detected in all"	NA	"Low cell line specificity"	"Detected in all"
"OFD1"	"71-7A, CXorf5, JBTS10, RP23"	"ENSG00000046651"	"OFD1, centriole and centriolar satellite protein"	"O75665"	"Low tissue specificity"	"Detected in all"	NA	"Low cell line specificity"	"Detected in all"
"OGT"	"FLJ23071, HRNT1, MGC22921, O-GLCNAC, OGT1"	"ENSG00000147162"	"O-linked N-acetylglucosamine (GlcNAc) transferase"	"O15294"	"Low tissue specificity"	"Detected in all"	NA	"Low cell line specificity"	"Detected in all"
"OSBPL8"	"MST120, MSTP120, ORP8, OSBP10"	"ENSG00000091039"	"Oxysterol binding protein like 8"	"Q9BZF1"	"Low tissue specificity"	"Detected in all"	NA	"Low cell line specificity"	"Detected in all"
"PATZ1"	"dJ400N23, MAZR, PATZ, RIAZ, ZBTB19, ZNF278, ZSG"	"ENSG00000100105"	"POZ/BTB and AT hook containing zinc finger 1"	"Q9HBE1"	"Low tissue specificity"	"Detected in all"	NA	"Low cell line specificity"	"Detected in all"
"PBX1"	NA	"ENSG00000185630"	"PBX homeobox 1"	"P40424"	"Low tissue specificity"	"Detected in all"	NA	"Cell line enhanced"	"Detected in many"
"PBX3"	NA	"ENSG00000167081"	"PBX homeobox 3"	"P40426"	"Tissue enhanced"	"Detected in all"	NA	"Cell line enhanced"	"Detected in many"
"PCBP1"	"hnRNP-E1, hnRNP-X, HNRPE1, HNRPX"	"ENSG00000169564"	"Poly(rC) binding protein 1"	"Q15365"	"Low tissue specificity"	"Detected in all"	NA	"Low cell line specificity"	"Detected in all"
"PHC1"	"EDR1, HPH1, RAE28"	"ENSG00000111752"	"Polyhomeotic homolog 1"	"P78364"	"Low tissue specificity"	"Detected in all"	NA	"Group enriched"	"Detected in many"
"PHF10"	"BAF45a, FLJ10975, XAP135"	"ENSG00000130024"	"PHD finger protein 10"	"Q8WUB8"	"Low tissue specificity"	"Detected in all"	NA	"Low cell line specificity"	"Detected in all"
"PIAS1"	"DDXBP1, GBP, GU/RH-II, ZMIZ3"	"ENSG00000033800"	"Protein inhibitor of activated STAT 1"	"O75925"	"Low tissue specificity"	"Detected in all"	NA	"Low cell line specificity"	"Detected in all"
"PIP4P1"	"C14orf9, MGC26684, TMEM55B"	"ENSG00000165782"	"Phosphatidylinositol-4,5-bisphosphate 4-phosphatase 1"	"Q86T03"	"Low tissue specificity"	"Detected in all"	NA	"Low cell line specificity"	"Detected in all"
"POLDIP3"	"KIAA1649, PDIP3, PDIP46, SKAR"	"ENSG00000100227"	"DNA polymerase delta interacting protein 3"	"Q9BY77"	"Low tissue specificity"	"Detected in all"	NA	"Low cell line specificity"	"Detected in all"
"POLR2H"	"RPB8"	"ENSG00000163882"	"RNA polymerase II subunit H"	"P52434"	"Low tissue specificity"	"Detected in all"	NA	"Low cell line specificity"	"Detected in all"
"PPHLN1"	NA	"ENSG00000134283"	"Periphilin 1"	"Q8NEY8"	"Low tissue specificity"	"Detected in all"	NA	"Cell line enhanced"	"Detected in all"
"PPIG"	"CARS-Cyp, SCAF10, SRCyp"	"ENSG00000138398"	"Peptidylprolyl isomerase G"	"Q13427"	"Low tissue specificity"	"Detected in all"	NA	"Low cell line specificity"	"Detected in all"
"PRKDC"	"DNA-PKcs, DNAPK, DNPK1, HYRC, HYRC1, p350, XRCC7"	"ENSG00000253729"	"Protein kinase, DNA-activated, catalytic polypeptide"	"P78527"	"Low tissue specificity"	"Detected in all"	NA	"Low cell line specificity"	"Detected in all"
"PROSER1"	"bA50D16.2, C13orf23, FLJ12661"	"ENSG00000120685"	"Proline and serine rich 1"	"Q86XN7"	"Low tissue specificity"	"Detected in all"	NA	"Low cell line specificity"	"Detected in all"
"PRPF19"	"hPSO4, NMP200, PRP19, PSO4, SNEV, UBOX4"	"ENSG00000110107"	"Pre-mRNA processing factor 19"	"Q9UMS4"	"Low tissue specificity"	"Detected in all"	NA	"Low cell line specificity"	"Detected in all"
"PRPF40A"	"FBP-11, FBP11, FLAF1, FLJ20585, FNBP3, HIP10, HYPA, NY-REN-6, Prp40"	"ENSG00000196504"	"Pre-mRNA processing factor 40 homolog A"	"O75400"	"Low tissue specificity"	"Detected in all"	NA	"Low cell line specificity"	"Detected in all"
"PSIP1"	"DFS70, LEDGF, p52, p75, PSIP2"	"ENSG00000164985"	"PC4 and SFRS1 interacting protein 1"	"O75475"	"Low tissue specificity"	"Detected in all"	NA	"Cell line enhanced"	"Detected in all"
"PUM2"	"KIAA0235, PUMH2"	"ENSG00000055917"	"Pumilio RNA binding family member 2"	"Q8TB72"	"Low tissue specificity"	"Detected in all"	NA	"Low cell line specificity"	"Detected in all"
"RAB3IP"	"FLJ22548, RABIN3, RABIN8"	"ENSG00000127328"	"RAB3A interacting protein"	"Q96QF0"	"Low tissue specificity"	"Detected in all"	NA	"Cell line enhanced"	"Detected in many"
"RAD50"	"hRad50, RAD50-2"	"ENSG00000113522"	"RAD50 double strand break repair protein"	"Q92878"	"Low tissue specificity"	"Detected in all"	NA	"Low cell line specificity"	"Detected in all"
"RAE1"	"Mnrp41"	"ENSG00000101146"	"Ribonucleic acid export 1"	"P78406"	"Tissue enhanced"	"Detected in all"	NA	"Low cell line specificity"	"Detected in all"
"RBBP7"	"RbAp46"	"ENSG00000102054"	"RB binding protein 7, chromatin remodeling factor"	"Q16576"	"Low tissue specificity"	"Detected in all"	NA	"Low cell line specificity"	"Detected in all"
"RBM15"	"OTT, OTT1"	"ENSG00000162775"	"RNA binding motif protein 15"	"Q96T37"	"Tissue enhanced"	"Detected in all"	NA	"Low cell line specificity"	"Detected in all"
"RBM3"	"IS1-RNPL"	"ENSG00000102317"	"RNA binding motif protein 3"	"P98179"	"Low tissue specificity"	"Detected in all"	NA	"Low cell line specificity"	"Detected in all"
"RCBTB1"	"CLLD7, CLLL7, FLJ10716"	"ENSG00000136144"	"RCC1 and BTB domain containing protein 1"	"Q8NDN9"	"Low tissue specificity"	"Detected in all"	NA	"Low cell line specificity"	"Detected in all"
"RFWD3"	"FANCW, FLJ10520, RNF201"	"ENSG00000168411"	"Ring finger and WD repeat domain 3"	"Q6PCD5"	"Low tissue specificity"	"Detected in all"	NA	"Low cell line specificity"	"Detected in all"
"RNPS1"	NA	"ENSG00000205937"	"RNA binding protein with serine rich domain 1"	"Q15287"	"Low tissue specificity"	"Detected in all"	NA	"Low cell line specificity"	"Detected in all"
"RPP38"	NA	"ENSG00000152464"	"Ribonuclease P/MRP subunit p38"	"P78345"	"Low tissue specificity"	"Detected in all"	NA	"Low cell line specificity"	"Detected in all"
"RPS11"	"S11"	"ENSG00000142534"	"Ribosomal protein S11"	"P62280"	"Low tissue specificity"	"Detected in all"	NA	"Low cell line specificity"	"Detected in all"
"RPS15"	"MGC111130, RIG, S15"	"ENSG00000115268"	"Ribosomal protein S15"	"P62841"	"Low tissue specificity"	"Detected in all"	NA	"Low cell line specificity"	"Detected in all"
"RPS19BP1"	"FLJ21770, MGC52010"	"ENSG00000187051"	"Ribosomal protein S19 binding protein 1"	"Q86WX3"	"Low tissue specificity"	"Detected in all"	NA	"Low cell line specificity"	"Detected in all"
"RPS23"	"S23"	"ENSG00000186468"	"Ribosomal protein S23"	"P62266"	"Low tissue specificity"	"Detected in all"	NA	"Low cell line specificity"	"Detected in all"
"RRP1B"	"KIAA0179, Nnp1, PPP1R136, RRP1"	"ENSG00000160208"	"Ribosomal RNA processing 1B"	"Q14684"	"Low tissue specificity"	"Detected in all"	NA	"Low cell line specificity"	"Detected in all"
"RSF1"	"HBXAP, p325, RSF-1, XAP8"	"ENSG00000048649"	"Remodeling and spacing factor 1"	"Q96T23"	"Low tissue specificity"	"Detected in all"	NA	"Low cell line specificity"	"Detected in all"
"RUNX1T1"	"AML1T1, CBFA2T1, CDR, ETO, MTG8, ZMYND2"	"ENSG00000079102"	"RUNX1 translocation partner 1"	"Q06455"	"Tissue enriched"	"Detected in many"	4	"Cell line enhanced"	"Detected in many"
"RUVBL1"	"ECP54, INO80H, NMP238, Pontin52, RVB1, TIH1, TIP49, TIP49a"	"ENSG00000175792"	"RuvB like AAA ATPase 1"	"Q9Y265"	"Low tissue specificity"	"Detected in all"	NA	"Low cell line specificity"	"Detected in all"
"SAFB"	"HET, SAFB1"	"ENSG00000160633"	"Scaffold attachment factor B"	"Q15424"	"Low tissue specificity"	"Detected in all"	NA	"Low cell line specificity"	"Detected in all"
"SALL1"	"Hsal1, TBS, ZNF794"	"ENSG00000103449"	"Spalt like transcription factor 1"	"Q9NSC2"	"Tissue enhanced"	"Detected in many"	NA	"Cell line enhanced"	"Detected in some"
"SALL2"	"Hsal2, KIAA0360, ZNF795"	"ENSG00000165821"	"Spalt like transcription factor 2"	"Q9Y467"	"Tissue enhanced"	"Detected in many"	NA	"Cell line enhanced"	"Detected in many"
"SALL3"	"ZNF796"	"ENSG00000256463"	"Spalt like transcription factor 3"	"Q9BXA9"	"Tissue enhanced"	"Detected in some"	NA	"Group enriched"	"Detected in some"
"SALL4"	"dJ1112F19.1, ZNF797"	"ENSG00000101115"	"Spalt like transcription factor 4"	"Q9UJQ4"	"Tissue enhanced"	"Detected in some"	NA	"Cell line enhanced"	"Detected in some"
"SAP18"	"2HOR0202, MGC27131, SAP18p"	"ENSG00000150459"	"Sin3A associated protein 18"	"O00422"	"Low tissue specificity"	"Detected in all"	NA	"Low cell line specificity"	"Detected in all"
"SARNP"	"CIP29, Hcc-1, THO1"	"ENSG00000205323"	"SAP domain containing ribonucleoprotein"	"P82979"	"Low tissue specificity"	"Detected in all"	NA	"Low cell line specificity"	"Detected in all"
"SENP1"	NA	"ENSG00000079387"	"SUMO1/sentrin specific peptidase 1"	"Q9P0U3"	"Tissue enhanced"	"Detected in all"	NA	"Low cell line specificity"	"Detected in all"
"SF3A1"	"Prp21, PRPF21, SAP114, SF3a120"	"ENSG00000099995"	"Splicing factor 3a subunit 1"	"Q15459"	"Low tissue specificity"	"Detected in all"	NA	"Low cell line specificity"	"Detected in all"
"SF3A3"	"PRP9, PRPF9, SAP61, SF3a60"	"ENSG00000183431"	"Splicing factor 3a subunit 3"	"Q12874"	"Low tissue specificity"	"Detected in all"	NA	"Low cell line specificity"	"Detected in all"
"SF3B1"	"Hsh155, Prp10, PRPF10, SAP155, SF3b155"	"ENSG00000115524"	"Splicing factor 3b subunit 1"	"O75533"	"Low tissue specificity"	"Detected in all"	NA	"Low cell line specificity"	"Detected in all"
"SF3B5"	"MGC3133, SF3b10, Ysf3"	"ENSG00000169976"	"Splicing factor 3b subunit 5"	"Q9BWJ5"	"Low tissue specificity"	"Detected in all"	NA	"Low cell line specificity"	"Detected in all"
"SLC25A5"	"2F1, ANT2, T2, T3"	"ENSG00000005022"	"Solute carrier family 25 member 5"	"P05141"	"Low tissue specificity"	"Detected in all"	NA	"Low cell line specificity"	"Detected in all"
"SLTM"	"FLJ13213, Met"	"ENSG00000137776"	"SAFB like transcription modulator"	"Q9NWH9"	"Low tissue specificity"	"Detected in all"	NA	"Low cell line specificity"	"Detected in all"
"SMARCA1"	"hSNF2L, ISWI, NURF140, SNF2L, SNF2L1, SNF2LB, SWI"	"ENSG00000102038"	"SWI/SNF related, matrix associated, actin dependent regulator of chromatin, subfamily a, member 1"	"P28370"	"Low tissue specificity"	"Detected in many"	NA	"Low cell line specificity"	"Detected in many"
"SMARCA2"	"BAF190, BRM, hBRM, hSNF2a, SNF2, SNF2L2, SNF2LA, Sth1p, SWI2"	"ENSG00000080503"	"SWI/SNF related, matrix associated, actin dependent regulator of chromatin, subfamily a, member 2"	"P51531"	"Low tissue specificity"	"Detected in all"	NA	"Cell line enriched"	"Detected in many"
"SMARCA4"	"BAF190, BRG1, FLJ39786, hSNF2b, SNF2, SNF2-BETA, SNF2L4, SNF2LB, SWI2"	"ENSG00000127616"	"SWI/SNF related, matrix associated, actin dependent regulator of chromatin, subfamily a, member 4"	"P51532"	"Low tissue specificity"	"Detected in all"	NA	"Low cell line specificity"	"Detected in many"
"SMARCA5"	"hISWI, hSNF2H, ISWI"	"ENSG00000153147"	"SWI/SNF related, matrix associated, actin dependent regulator of chromatin, subfamily a, member 5"	"O60264"	"Low tissue specificity"	"Detected in all"	NA	"Low cell line specificity"	"Detected in all"
"SMARCB1"	"BAF47, hSNFS, Ini1, PPP1R144, RDT, Sfh1p, SNF5L1, Snr1"	"ENSG00000099956"	"SWI/SNF related, matrix associated, actin dependent regulator of chromatin, subfamily b, member 1"	"Q12824"	"Low tissue specificity"	"Detected in all"	NA	"Cell line enhanced"	"Detected in many"
"SMARCC1"	"BAF155, CRACC1, Rsc8, SRG3"	"ENSG00000173473"	"SWI/SNF related, matrix associated, actin dependent regulator of chromatin subfamily c member 1"	"Q92922"	"Low tissue specificity"	"Detected in all"	NA	"Low cell line specificity"	"Detected in all"
"SMARCC2"	"BAF170, CRACC2, Rsc8"	"ENSG00000139613"	"SWI/SNF related, matrix associated, actin dependent regulator of chromatin subfamily c member 2"	"Q8TAQ2"	"Low tissue specificity"	"Detected in all"	NA	"Low cell line specificity"	"Detected in all"
"SMARCD1"	"BAF60A, CRACD1, Rsc6p"	"ENSG00000066117"	"SWI/SNF related, matrix associated, actin dependent regulator of chromatin, subfamily d, member 1"	"Q96GM5"	"Low tissue specificity"	"Detected in all"	NA	"Low cell line specificity"	"Detected in all"
"SMARCD2"	"BAF60B, CRACD2, PRO2451, Rsc6p"	"ENSG00000108604"	"SWI/SNF related, matrix associated, actin dependent regulator of chromatin, subfamily d, member 2"	"Q92925"	"Low tissue specificity"	"Detected in all"	NA	"Low cell line specificity"	"Detected in all"
"SMARCE1"	"BAF57"	"ENSG00000073584"	"SWI/SNF related, matrix associated, actin dependent regulator of chromatin, subfamily e, member 1"	"Q969G3"	"Low tissue specificity"	"Detected in all"	NA	"Low cell line specificity"	"Detected in all"
"SNRNP200"	"ASCC3L1, BRR2, HELIC2, KIAA0788, RP33, U5-200KD"	"ENSG00000144028"	"Small nuclear ribonucleoprotein U5 subunit 200"	"O75643"	"Low tissue specificity"	"Detected in all"	NA	"Low cell line specificity"	"Detected in all"
"SNRNP70"	"RNPU1Z, RPU1, Snp1, SNRP70, U1-70K"	"ENSG00000104852"	"Small nuclear ribonucleoprotein U1 subunit 70"	"P08621"	"Low tissue specificity"	"Detected in all"	NA	"Low cell line specificity"	"Detected in all"
"SNRPC"	"U1-C, Yhc1"	"ENSG00000124562"	"Small nuclear ribonucleoprotein polypeptide C"	"P09234"	"Low tissue specificity"	"Detected in all"	NA	"Low cell line specificity"	"Detected in all"
"SNRPE"	"Sm-E"	"ENSG00000182004"	"Small nuclear ribonucleoprotein polypeptide E"	"P62304"	"Low tissue specificity"	"Detected in all"	NA	"Low cell line specificity"	"Detected in all"
"SNRPF"	"Sm-F"	"ENSG00000139343"	"Small nuclear ribonucleoprotein polypeptide F"	"P62306"	"Low tissue specificity"	"Detected in all"	NA	"Cell line enhanced"	"Detected in all"
"SNRPG"	"Sm-G"	"ENSG00000143977"	"Small nuclear ribonucleoprotein polypeptide G"	"P62308"	"Low tissue specificity"	"Detected in all"	NA	"Low cell line specificity"	"Detected in all"
"SON"	"BASS1, C21orf50, DBP-5, FLJ21099, FLJ33914, KIAA1019, NREBP"	"ENSG00000159140"	"SON DNA binding protein"	"P18583"	"Low tissue specificity"	"Detected in all"	NA	"Low cell line specificity"	"Detected in all"
"SRRT"	"ARS2, Asr2, serrate"	"ENSG00000087087"	"Serrate, RNA effector molecule"	"Q9BXP5"	"Low tissue specificity"	"Detected in all"	NA	"Low cell line specificity"	"Detected in all"
"SS18"	"SSXT, SYT"	"ENSG00000141380"	"SS18, nBAF chromatin remodeling complex subunit"	"Q15532"	"Low tissue specificity"	"Detected in all"	NA	"Low cell line specificity"	"Detected in all"
"SUGP2"	"KIAA0365, SFRS14"	"ENSG00000064607"	"SURP and G-patch domain containing 2"	"Q8IX01"	"Low tissue specificity"	"Detected in all"	NA	"Low cell line specificity"	"Detected in all"
"TAB2"	"KIAA0733, MAP3K7IP2"	"ENSG00000055208"	"TGF-beta activated kinase 1/MAP3K7 binding protein 2"	"Q9NYJ8"	"Low tissue specificity"	"Detected in all"	NA	"Low cell line specificity"	"Detected in all"
"TADA2A"	"ADA2, ADA2A, hADA2, TADA2L"	"ENSG00000276234"	"Transcriptional adaptor 2A"	NA	"Low tissue specificity"	"Detected in all"	NA	"Low cell line specificity"	"Detected in many"
"TAF15"	"hTAFII68, Npl3, RBP56, TAF2N"	"ENSG00000270647"	"TATA-box binding protein associated factor 15"	"Q92804"	"Low tissue specificity"	"Detected in all"	NA	"Low cell line specificity"	"Detected in all"
"TBL1XR1"	"C21, DC42, FLJ12894, IRA1, TBLR1"	"ENSG00000177565"	"Transducin beta like 1 X-linked receptor 1"	"Q9BZK7"	"Low tissue specificity"	"Detected in all"	NA	"Cell line enhanced"	"Detected in all"
"TBX5"	"HOS"	"ENSG00000089225"	"T-box 5"	"Q99593"	"Tissue enhanced"	"Detected in many"	NA	"Cell line enhanced"	"Detected in some"
"TCEA1"	"GTF2S, SII, TCEA, TF2S, TFIIS"	"ENSG00000187735"	"Transcription elongation factor A1"	"P23193"	"Low tissue specificity"	"Detected in all"	NA	"Low cell line specificity"	"Detected in all"
"TCF12"	"bHLHb20, HEB, HsT17266, HTF4"	"ENSG00000140262"	"Transcription factor 12"	"Q99081"	"Tissue enhanced"	"Detected in all"	NA	"Low cell line specificity"	"Detected in all"
"THRAP3"	"BCLAF2, TRAP150"	"ENSG00000054118"	"Thyroid hormone receptor associated protein 3"	"Q9Y2W1"	"Low tissue specificity"	"Detected in all"	NA	"Low cell line specificity"	"Detected in all"
"TIMM50"	"TIM50L"	"ENSG00000105197"	"Translocase of inner mitochondrial membrane 50"	"Q3ZCQ8"	"Low tissue specificity"	"Detected in all"	NA	"Low cell line specificity"	"Detected in all"
"TMA16"	"C4orf43, FLJ11184"	"ENSG00000198498"	"Translation machinery associated 16 homolog"	"Q96EY4"	"Low tissue specificity"	"Detected in all"	NA	"Low cell line specificity"	"Detected in all"
"TMPO"	"LAP2, LEMD4, TP"	"ENSG00000120802"	"Thymopoietin"	"P42166, P42167"	"Tissue enhanced"	"Detected in all"	NA	"Low cell line specificity"	"Detected in all"
"TOP2A"	"TOP2"	"ENSG00000131747"	"DNA topoisomerase II alpha"	"P11388"	"Group enriched"	"Detected in many"	5	"Low cell line specificity"	"Detected in many"
"TOPORS"	"LUN, RP31, TP53BPL"	"ENSG00000197579"	"TOP1 binding arginine/serine rich protein"	"Q9NS56"	"Low tissue specificity"	"Detected in all"	NA	"Cell line enhanced"	"Detected in all"
"TRA2B"	"Htra2-beta, PPP1R156, SFRS10"	"ENSG00000136527"	"Transformer 2 beta homolog"	"P62995"	"Low tissue specificity"	"Detected in all"	NA	"Low cell line specificity"	"Detected in all"
"TRAF7"	"DKFZp586I021, MGC7807, RFWD1, RNF119"	"ENSG00000131653"	"TNF receptor associated factor 7"	"Q6Q0C0"	"Low tissue specificity"	"Detected in all"	NA	"Low cell line specificity"	"Detected in all"
"TRIM28"	"KAP1, PPP1R157, RNF96, TF1B, TIF1B"	"ENSG00000130726"	"Tripartite motif containing 28"	"Q13263"	"Low tissue specificity"	"Detected in all"	NA	"Cell line enhanced"	"Detected in all"
"TRIM71"	"LIN-41, LIN41"	"ENSG00000206557"	"Tripartite motif containing 71"	"Q2Q1W2"	"Tissue enhanced"	"Detected in some"	NA	"Cell line enhanced"	"Detected in some"
"TSC1"	"hamartin, KIAA0243, LAM, TSC"	"ENSG00000165699"	"TSC complex subunit 1"	"Q92574"	"Low tissue specificity"	"Detected in all"	NA	"Low cell line specificity"	"Detected in all"
"TUFM"	"EF-TuMT, EFTu"	"ENSG00000178952"	"Tu translation elongation factor, mitochondrial"	"P49411"	"Low tissue specificity"	"Detected in all"	NA	"Low cell line specificity"	"Detected in all"
"UHRF1"	"FLJ21925, ICBP90, Np95, RNF106, TDRD22"	"ENSG00000276043"	"Ubiquitin like with PHD and ring finger domains 1"	"Q96T88"	"Tissue enriched"	"Detected in many"	5	"Cell line enhanced"	"Detected in many"
"UTP14C"	"2700066J21Rik, KIAA0266"	"ENSG00000253797"	"UTP14C, small subunit processome component"	"Q5TAP6"	"Low tissue specificity"	"Detected in many"	NA	"Low cell line specificity"	"Detected in all"
"WDR91"	"HSPC049, SORF-1"	"ENSG00000105875"	"WD repeat domain 91"	"A4D1P6"	"Low tissue specificity"	"Detected in all"	NA	"Cell line enhanced"	"Detected in many"
"XRCC6"	"D22S671, D22S731, G22P1, KU70, ML8"	"ENSG00000196419"	"X-ray repair cross complementing 6"	"P12956"	"Low tissue specificity"	"Detected in all"	NA	"Low cell line specificity"	"Detected in all"
"YEATS2"	"FLJ10201, FLJ12841, FLJ13308, KIAA1197"	"ENSG00000163872"	"YEATS domain containing 2"	"Q9ULM3"	"Low tissue specificity"	"Detected in all"	NA	"Low cell line specificity"	"Detected in all"
"YLPM1"	"C14orf170, PPP1R169, ZAP"	"ENSG00000119596"	"YLP motif containing 1"	"P49750"	"Low tissue specificity"	"Detected in all"	NA	"Low cell line specificity"	"Detected in all"
"YWHAG"	"PPP1R170"	"ENSG00000170027"	"Tyrosine 3-monooxygenase/tryptophan 5-monooxygenase activation protein gamma"	"P61981"	"Tissue enhanced"	"Detected in all"	NA	"Low cell line specificity"	"Detected in all"
"ZBTB21"	"KIAA1227, ZNF295"	"ENSG00000173276"	"Zinc finger and BTB domain containing 21"	"Q9ULJ3"	"Low tissue specificity"	"Detected in all"	NA	"Cell line enhanced"	"Detected in all"
"ZBTB33"	"kaiso, WUGSC:H_DJ525N14.1, ZNF-kaiso, ZNF348"	"ENSG00000177485"	"Zinc finger and BTB domain containing 33"	"Q86T24"	"Low tissue specificity"	"Detected in all"	NA	"Low cell line specificity"	"Detected in all"
"ZFPM1"	"FOG, FOG1, ZC2HC11A, ZNF89A"	"ENSG00000179588"	"Zinc finger protein, FOG family member 1"	"Q8IX07"	"Tissue enhanced"	"Detected in all"	NA	"Cell line enhanced"	"Detected in many"
"ZFPM2"	"FOG2, hFOG-2, ZC2HC11B, ZNF89B"	"ENSG00000169946"	"Zinc finger protein, FOG family member 2"	"Q8WW38"	"Tissue enhanced"	"Detected in many"	NA	"Cell line enhanced"	"Detected in some"
"ZMYM2"	"FIM, MYM, RAMP, ZNF198"	"ENSG00000121741"	"Zinc finger MYM-type containing 2"	"Q9UBW7"	"Low tissue specificity"	"Detected in all"	NA	"Low cell line specificity"	"Detected in all"
"ZNF131"	"pHZ-10, ZBTB35"	"ENSG00000172262"	"Zinc finger protein 131"	"P52739"	"Low tissue specificity"	"Detected in all"	NA	"Low cell line specificity"	"Detected in all"
"ZNF219"	NA	"ENSG00000165804"	"Zinc finger protein 219"	"Q9P2Y4"	"Low tissue specificity"	"Detected in all"	NA	"Low cell line specificity"	"Detected in many"
"ZNF24"	"KOX17, Zfp191, ZNF191, ZSCAN3"	"ENSG00000172466"	"Zinc finger protein 24"	"P17028"	"Low tissue specificity"	"Detected in all"	NA	"Low cell line specificity"	"Detected in all"
"ZNF281"	"ZBP-99"	"ENSG00000162702"	"Zinc finger protein 281"	"Q9Y2X9"	"Low tissue specificity"	"Detected in all"	NA	"Low cell line specificity"	"Detected in all"
"ZNF423"	"Ebfaz, JBTS19, KIAA0760, NPHP14, OAZ, Roaz, Zfp104"	"ENSG00000102935"	"Zinc finger protein 423"	"Q2M1K9"	"Low tissue specificity"	"Detected in many"	NA	"Cell line enhanced"	"Detected in some"
"ZNF462"	"DKFZP762N2316, KIAA1803, Zfp462"	"ENSG00000148143"	"Zinc finger protein 462"	"Q96JM2"	"Low tissue specificity"	"Detected in many"	NA	"Low cell line specificity"	"Detected in many"
"ZNF638"	"MGC26130, NP220, ZFML, Zfp638"	"ENSG00000075292"	"Zinc finger protein 638"	"Q14966"	"Low tissue specificity"	"Detected in all"	NA	"Low cell line specificity"	"Detected in all"
"ZNF787"	NA	"ENSG00000142409"	"Zinc finger protein 787"	NA	"Low tissue specificity"	"Detected in all"	NA	"Cell line enhanced"	"Detected in many"
"ZSWIM8"	"4832404P21Rik, KIAA0913"	"ENSG00000214655"	"Zinc finger SWIM-type containing 8"	"A7E2V4"	"Low tissue specificity"	"Detected in all"	NA	"Low cell line specificity"	"Detected in all"
"FAM208B"	"bA318E3.2, C10orf18, FLJ20360, KIAA2006"	"ENSG00000108021"	"Family with sequence similarity 208 member B"	"Q5VWN6"	"Low tissue specificity"	"Detected in all"	NA	"Low cell line specificity"	"Detected in all"
"H1F0"	"H10, H1FV"	"ENSG00000189060"	"H1 histone family member 0"	"P07305"	"Tissue enhanced"	"Detected in all"	NA	"Cell line enhanced"	"Detected in many"
"H2AFY2"	"macroH2A2"	"ENSG00000099284"	"H2A histone family member Y2"	"Q9P0M6"	"Low tissue specificity"	"Detected in all"	NA	"Cell line enhanced"	"Detected in many"
"HIST1H1A"	"H1.1, H1a, H1F1"	"ENSG00000124610"	"Histone cluster 1 H1 family member a"	"Q02539"	"Tissue enhanced"	"Detected in many"	NA	"Cell line enhanced"	"Detected in some"
"HIST1H4A"	"H4FA"	"ENSG00000278637"	"Histone cluster 1 H4 family member a"	"P62805"	"Tissue enriched"	"Detected in many"	5	"Cell line enhanced"	"Detected in many"
"HIST1H4B"	"H4/I, H4FI"	"ENSG00000278705"	"Histone cluster 1 H4 family member b"	"P62805"	"Tissue enhanced"	"Detected in many"	NA	"Low cell line specificity"	"Detected in many"
"HIST1H4C"	"dJ221C16.1, H4/g, H4FG"	"ENSG00000197061"	"Histone cluster 1 H4 family member c"	"P62805"	"Group enriched"	"Detected in all"	5	"Cell line enhanced"	"Detected in many"
"HIST1H4D"	"H4/b, H4FB"	"ENSG00000277157"	"Histone cluster 1 H4 family member d"	"P62805"	"Tissue enriched"	"Detected in many"	7	"Cell line enhanced"	"Detected in many"
"HIST1H4E"	"H4/j, H4FJ"	"ENSG00000276966"	"Histone cluster 1 H4 family member e"	"P62805"	"Tissue enriched"	"Detected in many"	4	"Cell line enhanced"	"Detected in many"
"HIST1H4F"	"H4, H4/c, H4FC"	"ENSG00000274618"	"Histone cluster 1 H4 family member f"	"P62805"	"Tissue enriched"	"Detected in many"	6	"Cell line enhanced"	"Detected in some"
"HIST1H4H"	"H4/h, H4FH"	"ENSG00000158406"	"Histone cluster 1 H4 family member h"	"P62805"	"Tissue enhanced"	"Detected in all"	NA	"Cell line enhanced"	"Detected in many"
"HIST1H4I"	"H4/m, H4FM"	"ENSG00000276180"	"Histone cluster 1 H4 family member i"	"P62805"	"Tissue enriched"	"Detected in many"	4	"Cell line enhanced"	"Detected in many"
"HIST1H4J"	"H4/e, H4F2iv, H4FE"	"ENSG00000197238"	"Histone cluster 1 H4 family member j"	"P62805"	"Tissue enhanced"	"Detected in many"	NA	"Cell line enhanced"	"Detected in many"
"HIST1H4K"	"dJ160A22.1, H4/d, H4F2iii, H4FD"	"ENSG00000273542"	"Histone cluster 1 H4 family member k"	"P62805"	"Tissue enhanced"	"Detected in some"	NA	"Group enriched"	"Detected in some"
"HIST1H4L"	"H4.k, H4/k, H4FK"	"ENSG00000275126"	"Histone cluster 1 H4 family member l"	"P62805"	"Tissue enriched"	"Detected in some"	16	"Cell line enhanced"	"Detected in some"
"HIST2H4A"	"H4/n, H4F2, H4FN, HIST2H4"	"ENSG00000270882"	"Histone cluster 2 H4 family member a"	"P62805"	"Tissue enriched"	"Detected in many"	9	"Cell line enhanced"	"Detected in many"
"HIST2H4B"	"H4/o"	"ENSG00000270276"	"Histone cluster 2 H4 family member b"	"P62805"	"Tissue enhanced"	"Detected in many"	NA	"Cell line enhanced"	"Detected in many"
"HIST4H4"	"MGC24116"	"ENSG00000197837"	"Histone cluster 4 H4"	"P62805"	"Tissue enhanced"	"Detected in all"	NA	"Cell line enhanced"	"Detected in many"
