Gene,Blinded.ID,Cardiac.Category,NDD,CHR,POS,REF,ALT,pLI.Score,Known interaction,Known CHD gene,NEARBY VARIANTS,BAIT,num,Variant protein domain,Variant type,Protein domains affected,Gene,Plasmid,siRNA,other  DNV mutations,other  DNV mutations,
TBX5,1-07247,Other,No,12,114823356,A,G,0.99,yes,yes,NO,TBX5,2DNV 1 LoF,p.I227T,miss,TBOX Dna binding domain (46-239),TBX5,yes,yes,,,
TAB2,1-02675,LVO,Yes,6,149730745,C,G,1,NO,"gene associated, not functional proof",NO,TBX5,2,p.Q658E,miss,non specific domain,TAB2,no,yes,"PDLIM4	mis	p.R68C","ABI1	non	p.R123X",
CHD4,GT04011733,LVO,Yes,12,6701645,C,A,1,YES,YES,NO,GATA4,3,p.M954I,miss,non specific domain,CHD4,ORDER,no,none,,
CHD4,1-08225,CTD,Unknown,12,6710648,C,T,1,YES,YES,NO,GATA4,3,p.M202I,miss,"N-terminal domain CHD. 80-residue region (145–225) that is highly conserved across complex animals.  residues that had the largest chemical shift changes after the addition of DNA were Lys-200, Met-201, Met-202, Val-204, Leu-205, Gly-206, Ala-207, Trp-209, and Arg-210 (Fig. 4, e and f). This set of residues lies essentially on one surface of helix 4 of CHD4-N, the same surface that was predicted to interact with nucleic acids due to its basic surface charge and structural homology with other HMG-box domains.",CHD4,,no,"FBXO31	mis	p.R112H",,
CHD7,1-07848,LVO,Unknown,8,61768660,G,A,1,NO,Syndromic CHD,YES,GATA4,15,p.D2355N,miss,not known domain,CHD7,yes,no,none,,
SON,1-06881,other,No,21,34925988,T,C,1,NO,NO,NO,GATA4,1,p.M1484T,miss,no specific domain,SON,ORDER,yes,none,,
ZNF281,1-03696,other,No,1,200376445,A,C,0.95,YES HEK293,NO,NO,GATA4,1,p.L761V,miss,no specific domain,ZNF281,yes,yes,"GALK1	mis	p.K217R (not important)",,
CHD4,1-05181,other,Yes,12,6692391,A,C,1,YES,YES,NO,GATA4,3,p.Y1345D,miss,DOMAIN OF Unknown fuction DUF1087,CHD4,,no,"JAKMIP2	mis	p.R507Q","SART1	non	p.W203X",
SUGP2,1-05499,CTD,Yes,19,19136171,C,T,1,NO,NO,NO,GATA4,2,p.G329E,miss,no specific domain,SUGP2,ORDER,yes,"KCNH3	misD	p.E859D",,
ZSWIM8,1-04504,CTD,No,10,75551724,G,A,1,NO,NO,NO,GATA4,1 DNV 2 LoF,p.R476Q,miss,no specific domain,ZSWIM8,ORDER,yes,"MORN4	splice	c.-30-2A>G",,
BRD4,1-01628,LVO,Yes,19,15367845,G,A,1,NO,NO,NO,GATA4,2,p.S494L,miss,Phosphoserine; by CK2. Essential for PPI with p53,BRD4,yes,yes,"RGS20	misD	p.M360I (inside the RGS domain)",,
BRD4,GT04006381,LVO,No,19,15366309,G,A,1,NO,NO,NO,GATA4,2,p.R616W,miss,"NET domain, mediates PPIs with chromatin proteins",BRD4,yes,yes,"ZNF675	mis	p.H166R (last aa of the ZNZ domain)",,
MORC3,1-06276,CTD (TGA),No,21,37732265,T,A,1,NO,NO,NO,TBX5,1,p.D407E,miss,within ZNF domain (404 – 454),MORC3,yes,yes,"FAM3D	syn	p.T110T",,
KMT2A,1-05551,CTD (TGA),No,11,118352674,G,T,1,liver interactor,YES,NO,GATA4,2,p.K1293N,miss,no specific domain,KMT2A,ORDER,no,"CNN1	mis	p.A171V","CR1L	mis	p.K385R",
GLYR1,1-00192,CTD,Unknown,16,4861271,G,A,1,NO,NO,NO,GATA4,1,p.P496L,miss,Pfam (NAD binding domain) 430-551,GLYR1,yes,yes,none,,
TRIM28,1-05559,LVO,Yes,19,59059715,C,T,1,Frank Conlon TBX5 interactome,NO,NO,TBX5,1,p.H386Y,miss,no specific domain,TRIM28,yes,yes,"EML3	mis	p.R45Q (not known domain)",,
HSPA8,1-01407,CTD (TGA),Yes,11,122931315,C,A,1,NO,NO,NO,GATA4 & TBX5,1,p.A133S,miss,Nucleotid binding domain (NBD) (2 – 386),HSPA8,ORDER,yes,"PLEKHA5	mis	p.I714L","ZNF496	mis	p.K461R","AHCY	mis	p.K8R"
FAM208B,1-10568,CTD,Yes,10,5788986,T,C,0.97,NO,NO,NO,GATA4,1 DNV 1 LoF,p.L1201P,miss,no specific domain,FAM208B,ORDER,yes,"KIAA0355	mis	p.P986L","RYR3	misD	p.L110I","SMAD6	frameshift	p.G136fs"
SMARCC1,1-07749,LVO,Yes,3,47752256,A,C,1,NO,NO,NO,GATA4,2DNV and 4 Lof,p.W279G,miss,pfam domain not clear function (32-445),SMARCC1,yes,yes,"DDIT3	mis	p.W21C",,
ZNF638,1-02038,CTD,Unknown,2,71597100,G,A,1,NO,NO,NO,GATA4,1,p.V744M,miss,RRM1 domain (676 – 751). RNA recognition motif (RRM) domain,ZNF638,no,no,"CHD7	non	p.Y2601X",,
ARID1A,1-03581,CTD,Yes,1,27106423,G,C,1,Liver interactor,"YES, mice heart defects",NO,GATA4,1,p.G1795R,miss,no specific domain,ARID1A,yes,no,"ZFHX4	mis	p.A572V (none known domain)",,
HCFC1,1-03044,other,Yes,X,153222148,G,A,1,NO,NO,NO,GATA4,1,p.R855C,miss,"Interaction with ZBTB17 (750-902). ""Host cell factor-1 interacts with and antagonizes transactivation by the cell cycle regulatory factor Miz-1.""",HCFC1,ORDER,yes,"MYL2	misD	p.G162R",,
CSNK2A1,1-07319,LVO,No,20,489123,C,T,1,NO,"not clear, KO mice have heart defects",NO,GATA4,1,p.D25N,miss,no specific domain,CSNK2A1,no,no,"ATAD3A	syn	p.V596V",,
BAZ1B,1-00229,LVO,No,7,72858408,G,C,1,Liver interactor,YES mice,NO,GATA4,1,p.A1299G,miss,no specific domain,BAZ1B,yes,no,none,,
SMARCC1,1-00466,other,Yes,3,47651726,A,G,1,NO,NO,NO,GATA4,2DNV and 4 Lof,p.M958T,miss,conserved domain not clear function,SMARCC1,yes,yes,none,,
BPTF,1-04068,CTD (TGA),Unknown,17,65888056,T,C,1,NO,NO,NO,GATA4,1,p.L780S,miss,no specific domain,BPTF,no,yes,"SCN1B	syn	p.T239T",,
HSP90AA1,1-04300,HTX,No,14,102548077,T,C,0.68,NO,NO,NO,GATA4,2 DNV 2 LoF,p.D846G,miss,no specific domain,HSP90AA1,no,ORDER,none,,
GATA6,1-04280,CTD (TGA),No,18,19761477,C,G,0.97,NO,YES,YES,TBX5,4,p.R456G,miss,2nd ZNF domain (444-468),GATA6,yes,,"CPA2	mis	p.R237Q",,
NCOR2,1-03159,other,No,12,124957563,T,C,1,NO,YES,NO,GATA4,1DNV 1 LoF,p.M176V,miss,G-protein pathway suppressor 2-interacting domain. V seems to be aa that appers there often,NCOR2,no,,"SKAP2	mis	p.N332S","SLC22A4	mis	p.V268L","ATP8B2	syn	p.A930A"
HSP90AA1,1-05003,CTD (TGA),Unknown,14,102552392,T,C,0.68,NO,NO,NO,GATA4,2 DNV 2 LoF,p.I200V,miss,"PPI with NR3C1 (fragment of interaction big, not high resolution)",HSP90AA1,no,,"GRM6	syn	p.A798A",,
PIAS1,1-03378,LVO,No,15,68378854,A,G,1,Intestine interactor,no,NO,GATA4,1,p.N79D,miss,no specific domain,PIAS1,yes,yes,none,,
TSC1,1-04798,LVO,No,9,135771808,C,A,1,NO,YES,NO,GATA4,3,p.Q1102H,miss,no specific domain,TSC1,,,"ARHGAP35	frameshift	p.L293fs",,
TSC1,1-03742,CTD (TGA),Unknown,9,135779103,G,A,1,NO,YES,NO,GATA4,3,p.R714W,miss,Mediates interaction with WDR45B (404-787),TSC1,,,"CLSTN3	mis	p.R876C","NUP210L	mis	p.A622T",
IGF2BP2,1-05846,CTD,Unknown,3,185367216,C,T,0.94,NO,NO,NO,GATA4,1 DNV 1 LoF,p.R523Q,miss,,IGF2BP2,,,none,,
CHD7,1-06528,other,No,8,61765615,C,T,1,NO,Syndromic CHD,YES,GATA4,15,p.R2111W,Dmiss,,CHD7,yes,,"ACTB	frameshift	p.L110X",,
OFD1,1-00389,CTD,No,X,13781969,A,G,0.98,NO,YES,NO,GATA4,1,p.H865R,miss,no specific domain,OFD1,,,"NOX1	mis	p.A29T",,
SUGP2,1-01632,CTD,Yes,19,19136979,C,T,1,NO,NO,NO,GATA4,2,p.D60N,miss,,SUGP2,,,none,,
CHD7,1-12917,CTD,No,8,61766960,A,C,1,NO,YES,YES,GATA4,15,p.S2272R,Dmiss,Phosphoserine,CHD7,yes,,none,,
CHD7,1-04274,CTD,No,8,61761097,T,C,1,NO,YES,YES,GATA4,15,p.L1745P,Dmiss,,CHD7,yes,,"PRR5L	syn	p.P203P",,
SMARCA1,1-07628,CTD,No,X,128621111,C,T,1,NO,NO,NO,GATA4,1,p.A701T,Dmiss,,SMARCA1,ORDER,,none,,
TUFM,1-01000,other,No,16,28855599,C,T,0.65,NO,NO,NO,GATA4,1,p.E292K,miss,,TUFM,,,"PTPRH	mis	p.Y555C",,
NUP62,1-00323,HTX,No,19,50412856,T,C,0.8,NO,NO,NO,TBX5,1,p.Q70R,miss,no specific domain,NUP62,yes,yes,"CATSPERG	non	p.Y752X","IL2RB	misD	p.R170Q",
DNMT3A,1-02641,other,Unknown,2,25469630,C,T,0.001,NO,inhibits CM fate,NO,GATA4,1,p.A380T,miss,no specific domain,DNMT3A,,,"PPP1R7	mis	p.E56K","RYR1	syn	p.A1962A","TRAIP	mis	p.R157C"
SAP18,1-02179,Other (AVC),Unknown,13,21721417,T,G,0.05,NO,NO,NO,GATA4,1,p.L152W,miss,,SAP18,,,none,,
UTP14C,1-06937,other,No,13,52604139,A,C,0.001,NO,NO,NO,TBX5,2,p.P395A,miss,no specific domain,UTP14C,,,"UTP14C	mis	p.H400P","XIRP2	syn	p.S3432S","GPR116	mis	p.I321V"
BEND3,1-01828,CTD,No,6,107391848,C,T,0.5,NO (interacts with Sall4),NO,NO,GATA4,1 DNV 1 LoF,p.G183R,miss,,BEND3,,,"DAPK3	mis	p.P193L",,
DLGAP5,1-05790,CTD,No,14,55646393,G,A,0.001,NO,NO,NO,GATA4,1 DNV 1 LoF,p.P243L,miss,,DLGAP5,,,"HMCN1	mis	p.G2577D","LRTM2	mis	p.E34K","STEAP3	mis	p.D28N"
UTP14C,1-06937,other,No,13,52604123,C,G,0.001,NO,NO,NO,TBX5,2,p.H400P,miss,,UTP14C,,,"UTP14C	mis	p.P395A","XIRP2	syn	p.S3432S","GPR116	mis	p.I321V"